Feature ID	Taxon	Consensus
sq2	NS;NS-Gamma;NS-Gamma-2;NS-Gamma-2.3;NS-Gamma-2.3.2;NS-Gamma-2.3.2_OTU2	1.0
sq5	NT;NT-Alpha;NT-Alpha-1;NT-Alpha-1.1;NT-Alpha-1.1.1;NT-Alpha-1.1.1.1;NT-Alpha-1.1.1.1.3;NT-Alpha-1.1.1.1.3.2;NT-Alpha-1.1.1.1.3.2.Incertae_sedis;NT-Alpha-1.1.1.1.3.2.Incertae_sedis_OTU1	1.0
sq6	NT;NT-Alpha;NT-Alpha-1;NT-Alpha-1.1;NT-Alpha-1.1.1;NT-Alpha-1.1.1.1;NT-Alpha-1.1.1.1.3;NT-Alpha-1.1.1.1.3.2;NT-Alpha-1.1.1.1.3.2.Incertae_sedis;NT-Alpha-1.1.1.1.3.2.Incertae_sedis_OTU1	1.0
sq4	NS;NS-Delta;NS-Delta-1;NS-Delta-1.Incertae_sedis.3;NS-Delta-1.Incertae_sedis.3_OTU2	1.0
sq8	NS;NS-Beta;NS-Beta-1;NS-Beta-1_OTU6	1.0
sq7	NS;NS-Gamma;NS-Gamma-2;NS-Gamma-2.3;NS-Gamma-2.3.2;NS-Gamma-2.3.2_OTU2	1.0
sq3	NT;NT-Alpha;NT-Alpha-1;NT-Alpha-1.1;NT-Alpha-1.1.1;NT-Alpha-1.1.1.1;NT-Alpha-1.1.1.1.3;NT-Alpha-1.1.1.1.3.2;NT-Alpha-1.1.1.1.3.2.Incertae_sedis;NT-Alpha-1.1.1.1.3.2.Incertae_sedis_OTU1	1.0
sq1	NT;NT-Alpha;NT-Alpha-1;NT-Alpha-1.1;NT-Alpha-1.1.1;NT-Alpha-1.1.1.1;NT-Alpha-1.1.1.1.3;NT-Alpha-1.1.1.1.3.2;NT-Alpha-1.1.1.1.3.2.Incertae_sedis;NT-Alpha-1.1.1.1.3.2.Incertae_sedis_OTU1	1.0
sq10	NS;NS-Gamma;NS-Gamma-2;NS-Gamma-2.3;NS-Gamma-2.3.2;NS-Gamma-2.3.2_OTU2	1.0
sq13	NT;NT-Alpha;NT-Alpha-Incertae_sedis;NT-Alpha-Incertae_sedis_OTU2	1.0
sq14	NS;NS-Beta;NS-Beta-1;NS-Beta-1_OTU10	1.0
sq12	NT;NT-Alpha;NT-Alpha-1;NT-Alpha-1.1;NT-Alpha-1.1.1;NT-Alpha-1.1.1.1;NT-Alpha-1.1.1.1.3;NT-Alpha-1.1.1.1.3.2;NT-Alpha-1.1.1.1.3.2.Incertae_sedis;NT-Alpha-1.1.1.1.3.2.Incertae_sedis_OTU1	1.0
sq15	NT;NT-Alpha;NT-Alpha-Incertae_sedis;NT-Alpha-Incertae_sedis_OTU2	1.0
sq16	NS;NS-Delta;NS-Delta-2;NS-Delta-2.1;NS-Delta-2.1_OTU2	1.0
sq11	NT;NT-Alpha;NT-Alpha-Incertae_sedis;NT-Alpha-Incertae_sedis_OTU2	1.0
sq9	NT;NT-Alpha;NT-Alpha-1;NT-Alpha-1.1;NT-Alpha-1.1.1;NT-Alpha-1.1.1.1;NT-Alpha-1.1.1.1.3;NT-Alpha-1.1.1.1.3.2;NT-Alpha-1.1.1.1.3.2.Incertae_sedis;NT-Alpha-1.1.1.1.3.2.Incertae_sedis_OTU1	1.0
sq21	NS;NS-Gamma;NS-Gamma-2;NS-Gamma-2.3;NS-Gamma-2.3.2;NS-Gamma-2.3.2.2;NS-Gamma-2.3.2.2_OTU6	1.0
sq22	NS;NS-Delta;NS-Delta-1;NS-Delta-1.1;NS-Delta-1.1.2;NS-Delta-1.1.2.1;NS-Delta-1.1.2.1_OTU13	1.0
sq23	NS;NS-Delta;NS-Delta-2;NS-Delta-2.1;NS-Delta-2.1_OTU2	1.0
sq20	NS;NS-Beta;NS-Beta-1;NS-Beta-1_OTU9	1.0
sq19	NS;NS-Delta;NS-Delta-1;NS-Delta-1_OTU7	1.0
sq24	NS;NS-Delta;NS-Delta-2;NS-Delta-2.1;NS-Delta-2.1_OTU2	1.0
sq25	NS;NS-Beta;NS-Beta-2;NS-Beta-2_OTU1	1.0
sq18	NS;NS-Beta;NS-Beta-2;NS-Beta-2_OTU1	1.0
sq31	NT;NT-Alpha;NT-Alpha-Incertae_sedis;NT-Alpha-Incertae_sedis_OTU2	1.0
sq30	NS;NS-Delta;NS-Delta-1;NS-Delta-1.1;NS-Delta-1.1.2;NS-Delta-1.1.2.1;NS-Delta-1.1.2.1_OTU13	1.0
sq29	NS;NS-Gamma;NS-Gamma-2;NS-Gamma-2.3;NS-Gamma-2.3.2;NS-Gamma-2.3.2_OTU2	1.0
sq27	NS;NS-Delta;NS-Delta-1;NS-Delta-1.Incertae_sedis.3;NS-Delta-1.Incertae_sedis.3_OTU2	1.0
sq32	NS;NS-Beta;NS-Beta-1;NS-Beta-1_OTU7	1.0
sq33	NS;NS-Delta;NS-Delta-1;NS-Delta-1.1;NS-Delta-1.1.2;NS-Delta-1.1.2.1;NS-Delta-1.1.2.1_OTU13	1.0
sq34	NS;NS-Delta;NS-Delta-1;NS-Delta-1.Incertae_sedis.3;NS-Delta-1.Incertae_sedis.3_OTU2	1.0
sq28	NS;NS-Gamma;NS-Gamma-2;NS-Gamma-2.3;NS-Gamma-2.3.2;NS-Gamma-2.3.2.2;NS-Gamma-2.3.2.2_OTU8	1.0
sq36	NS;NS-Delta;NS-Delta-1;NS-Delta-1.Incertae_sedis.3;NS-Delta-1.Incertae_sedis.3_OTU2	1.0
sq39	NS;NS-Delta;NS-Delta-2;NS-Delta-2.1;NS-Delta-2.1_OTU2	1.0
sq41	NS;NS-Gamma;NS-Gamma-2;NS-Gamma-2.3;NS-Gamma-2.3.2;NS-Gamma-2.3.2_OTU2	1.0
sq40	NT;NT-Alpha;NT-Alpha-Incertae_sedis;NT-Alpha-Incertae_sedis_OTU2	1.0
sq37	NS;NS-Delta;NS-Delta-2;NS-Delta-2.1;NS-Delta-2.1_OTU2	1.0
sq38	NT;NT-Alpha;NT-Alpha-Incertae_sedis;NT-Alpha-Incertae_sedis_OTU2	1.0
sq42	NS;NS-Gamma;NS-Gamma-2;NS-Gamma-2.3;NS-Gamma-2.3.2;NS-Gamma-2.3.2_OTU2	1.0
sq35	NS;NS-Delta;NS-Delta-1;NS-Delta-1.Incertae_sedis.3;NS-Delta-1.Incertae_sedis.3_OTU2	1.0
sq45	NS;NS-Delta;NS-Delta-1;NS-Delta-1.1;NS-Delta-1.1.2;NS-Delta-1.1.2.1;NS-Delta-1.1.2.1_OTU13	1.0
sq46	NS;NS-Gamma;NS-Gamma-2;NS-Gamma-2.3;NS-Gamma-2.3.2;NS-Gamma-2.3.2.2;NS-Gamma-2.3.2.2_OTU3	1.0
sq47	NS;NS-Delta;NS-Delta-2;NS-Delta-2.1;NS-Delta-2.1_OTU2	1.0
sq49	NT;NT-Alpha;NT-Alpha_OTU7	1.0
sq43	NS;NS-Beta;NS-Beta-1;NS-Beta-1_OTU9	1.0
sq51	NS;NS-Beta;NS-Beta-1;NS-Beta-1_OTU9	1.0
sq50	NS;NS-Delta;NS-Delta-2;NS-Delta-2.1;NS-Delta-2.1_OTU2	1.0
sq44	NT;NT-Alpha;NT-Alpha-Incertae_sedis;NT-Alpha-Incertae_sedis_OTU2	1.0
sq54	NS;NS-Delta;NS-Delta-1;NS-Delta-1.1;NS-Delta-1.1.2;NS-Delta-1.1.2.1;NS-Delta-1.1.2.1_OTU13	1.0
sq56	NS;NS-Beta;NS-Beta-2;NS-Beta-2_OTU1	1.0
sq57	NS;NS-Gamma;NS-Gamma-2;NS-Gamma-2.3;NS-Gamma-2.3.2;NS-Gamma-2.3.2_OTU2	1.0
sq55	NS;NS-Delta;NS-Delta-2;NS-Delta-2.1;NS-Delta-2.1_OTU2	1.0
sq53	NS;NS-Delta;NS-Delta-2;NS-Delta-2.2;NS-Delta-2.2.1;NS-Delta-2.2.1_OTU4	1.0
sq61	NT;NT-Alpha;NT-Alpha-1;NT-Alpha-1.1;NT-Alpha-1.1.1;NT-Alpha-1.1.1.2;NT-Alpha-1.1.1.2_OTU3	1.0
sq59	NS;NS-Gamma;NS-Gamma-2;NS-Gamma-2.3;NS-Gamma-2.3.2;NS-Gamma-2.3.2_OTU2	1.0
sq17	NS;NS-Gamma;NS-Gamma-2;NS-Gamma-2.3;NS-Gamma-2.3.2;NS-Gamma-2.3.2_OTU2	1.0
sq66	NT;NT-Alpha;NT-Alpha-1;NT-Alpha-1.1;NT-Alpha-1.1.1;NT-Alpha-1.1.1.1;NT-Alpha-1.1.1.1.Incertae_sedis;NT-Alpha-1.1.1.1.Incertae_sedis_OTU1	1.0
sq62	NS;NS-Delta;NS-Delta-1;NS-Delta-1.2;NS-Delta-1.2.1;NS-Delta-1.2.1_OTU3	1.0
sq26	NS;NS-Gamma;NS-Gamma-2;NS-Gamma-2.3;NS-Gamma-2.3.2;NS-Gamma-2.3.2_OTU2	1.0
sq58	NS;NS-Delta;NS-Delta-1;NS-Delta-1.1;NS-Delta-1.1.2;NS-Delta-1.1.2.1;NS-Delta-1.1.2.1_OTU13	1.0
sq65	NS;NS-Delta;NS-Delta-1;NS-Delta-1_OTU7	1.0
sq67	NS;NS-Delta;NS-Delta-2;NS-Delta-2.2;NS-Delta-2.2.1;NS-Delta-2.2.1_OTU2	1.0
sq68	NT;NT-Alpha;NT-Alpha-1;NT-Alpha-1.1;NT-Alpha-1.1.1;NT-Alpha-1.1.1.2;NT-Alpha-1.1.1.2_OTU3	1.0
sq72	NS;NS-Gamma;NS-Gamma-2;NS-Gamma-2.3;NS-Gamma-2.3.2;NS-Gamma-2.3.2_OTU2	1.0
sq60	NT;NT-Alpha;NT-Alpha-1;NT-Alpha-1.1;NT-Alpha-1.1.1;NT-Alpha-1.1.1.2;NT-Alpha-1.1.1.2_OTU3	1.0
sq70	NS;NS-Beta;NS-Beta-1;NS-Beta-1_OTU9	1.0
sq71	NS;NS-Gamma;NS-Gamma-2;NS-Gamma-2.3;NS-Gamma-2.3_OTU2	1.0
sq75	NS;NS-Delta;NS-Delta-2;NS-Delta-2.1;NS-Delta-2.1_OTU2	1.0
sq73	NS;NS-Gamma;NS-Gamma-2;NS-Gamma-2.3;NS-Gamma-2.3.2;NS-Gamma-2.3.2.3;NS-Gamma-2.3.2.3_OTU3	1.0
sq76	NS;NS-Alpha;NS-Alpha-3;NS-Alpha-3.2;NS-Alpha-3.2.3;NS-Alpha-3.2.3.1;NS-Alpha-3.2.3.1.7;NS-Alpha-3.2.3.1.7_OTU5	1.0
sq74	NS;NS-Delta;NS-Delta-1;NS-Delta-1.1;NS-Delta-1.1.2;NS-Delta-1.1.2.1;NS-Delta-1.1.2.1_OTU13	1.0
sq82	NS;NS-Gamma;NS-Gamma-2;NS-Gamma-2.3;NS-Gamma-2.3.2;NS-Gamma-2.3.2.2;NS-Gamma-2.3.2.2_OTU3	1.0
sq78	NS;NS-Beta;NS-Beta-1;NS-Beta-1_OTU10	1.0
sq69	NS;NS-Delta;NS-Delta-1;NS-Delta-1.Incertae_sedis.3;NS-Delta-1.Incertae_sedis.3_OTU2	1.0
sq83	NS;NS-Gamma;NS-Gamma-2;NS-Gamma-2.3;NS-Gamma-2.3.2;NS-Gamma-2.3.2_OTU2	1.0
sq77	NT;NT-Alpha;NT-Alpha_OTU7	1.0
sq81	NS;NS-Delta;NS-Delta-1;NS-Delta-1.1;NS-Delta-1.1.2;NS-Delta-1.1.2.1;NS-Delta-1.1.2.1_OTU13	1.0
sq80	NS;NS-Delta;NS-Delta-1;NS-Delta-1.Incertae_sedis.3;NS-Delta-1.Incertae_sedis.3_OTU2	1.0
sq84	NS;NS-Delta;NS-Delta-1;NS-Delta-1.1;NS-Delta-1.1.3;NS-Delta-1.1.3_OTU2	1.0
sq89	NT;NT-Alpha;NT-Alpha-Incertae_sedis;NT-Alpha-Incertae_sedis_OTU2	1.0
sq87	NS;NS-Delta;NS-Delta-1;NS-Delta-1.1;NS-Delta-1.1.2;NS-Delta-1.1.2.1;NS-Delta-1.1.2.1_OTU13	1.0
sq79	NT;NT-Alpha;NT-Alpha_OTU10	1.0
sq92	NS;NS-Alpha;NS-Alpha-3;NS-Alpha-3.2;NS-Alpha-3.2.3;NS-Alpha-3.2.3.1;NS-Alpha-3.2.3.1.7;NS-Alpha-3.2.3.1.7_OTU1	1.0
sq90	NS;NS-Delta;NS-Delta-2;NS-Delta-2.1;NS-Delta-2.1_OTU2	1.0
sq86	NS;NS-Delta;NS-Delta-1;NS-Delta-1.Incertae_sedis.3;NS-Delta-1.Incertae_sedis.3_OTU2	1.0
sq88	NS;NS-Delta;NS-Delta-1;NS-Delta-1.Incertae_sedis.3;NS-Delta-1.Incertae_sedis.3_OTU2	1.0
sq52	NS;NS-Gamma;NS-Gamma-2;NS-Gamma-2.3;NS-Gamma-2.3.2;NS-Gamma-2.3.2.2;NS-Gamma-2.3.2.2_OTU3	1.0
sq95	NS;NS-Delta;NS-Delta-1;NS-Delta-1.1;NS-Delta-1.1.3;NS-Delta-1.1.3_OTU2	1.0
sq96	NT;NT-Alpha;NT-Alpha-Incertae_sedis;NT-Alpha-Incertae_sedis_OTU2	1.0
sq85	NS;NS-Delta;NS-Delta-1;NS-Delta-1.Incertae_sedis.3;NS-Delta-1.Incertae_sedis.3_OTU2	1.0
sq101	NS;NS-Gamma;NS-Gamma-2;NS-Gamma-2.3;NS-Gamma-2.3.2;NS-Gamma-2.3.2.2;NS-Gamma-2.3.2.2_OTU3	1.0
sq97	NT;NT-Alpha;NT-Alpha-Incertae_sedis;NT-Alpha-Incertae_sedis_OTU2	1.0
sq98	NT;NT-Alpha;NT-Alpha-Incertae_sedis;NT-Alpha-Incertae_sedis_OTU2	1.0
sq94	NS;NS-Delta;NS-Delta-1;NS-Delta-1.Incertae_sedis.3;NS-Delta-1.Incertae_sedis.3_OTU2	1.0
sq99	NT;NT-Alpha;NT-Alpha-1;NT-Alpha-1.1;NT-Alpha-1.1.1;NT-Alpha-1.1.1.1;NT-Alpha-1.1.1.1.3;NT-Alpha-1.1.1.1.3.2;NT-Alpha-1.1.1.1.3.2.Incertae_sedis;NT-Alpha-1.1.1.1.3.2.Incertae_sedis_OTU1	1.0
sq103	NS;NS-Gamma;NS-Gamma-2;NS-Gamma-2.3;NS-Gamma-2.3.2;NS-Gamma-2.3.2_OTU2	1.0
sq93	NS;NS-Beta;NS-Beta-1;NS-Beta-1_OTU10	1.0
sq48	NT;NT-Alpha;NT-Alpha-Incertae_sedis;NT-Alpha-Incertae_sedis_OTU2	1.0
sq63	NS;NS-Gamma;NS-Gamma-2;NS-Gamma-2.3;NS-Gamma-2.3.2;NS-Gamma-2.3.2.3;NS-Gamma-2.3.2.3_OTU3	1.0
sq104	NT;NT-Alpha;NT-Alpha-1;NT-Alpha-1.1;NT-Alpha-1.1.1;NT-Alpha-1.1.1.1;NT-Alpha-1.1.1.1.3;NT-Alpha-1.1.1.1.3.2;NT-Alpha-1.1.1.1.3.2.Incertae_sedis;NT-Alpha-1.1.1.1.3.2.Incertae_sedis_OTU1	1.0
sq102	NS;NS-Delta;NS-Delta-1;NS-Delta-1.1;NS-Delta-1.1.3;NS-Delta-1.1.3_OTU2	1.0
sq106	NS;NS-Gamma;NS-Gamma-2;NS-Gamma-2.3;NS-Gamma-2.3.2;NS-Gamma-2.3.2_OTU2	1.0
sq108	NS;NS-Gamma;NS-Gamma-2;NS-Gamma-2.3;NS-Gamma-2.3.2;NS-Gamma-2.3.2.2;NS-Gamma-2.3.2.2_OTU1	1.0
sq112	NS;NS-Delta;NS-Delta-2;NS-Delta-2.1;NS-Delta-2.1_OTU2	1.0
sq113	NS;NS-Delta;NS-Delta-1;NS-Delta-1.1;NS-Delta-1.1.2;NS-Delta-1.1.2.1;NS-Delta-1.1.2.1_OTU13	1.0
sq100	NS;NS-Delta;NS-Delta-2;NS-Delta-2.1;NS-Delta-2.1_OTU2	1.0
sq111	NS;NS-Beta;NS-Beta-2;NS-Beta-2_OTU1	1.0
sq114	NT;NT-Alpha;NT-Alpha_OTU10	1.0
sq116	NS;NS-Alpha;NS-Alpha-3;NS-Alpha-3.2;NS-Alpha-3.2.3;NS-Alpha-3.2.3.1;NS-Alpha-3.2.3.1.4;NS-Alpha-3.2.3.1.4_OTU3	1.0
sq109	NS;NS-Delta;NS-Delta-1;NS-Delta-1.1;NS-Delta-1.1.2;NS-Delta-1.1.2.1;NS-Delta-1.1.2.1_OTU13	1.0
sq115	NS;NS-Gamma;NS-Gamma-2;NS-Gamma-2.3;NS-Gamma-2.3.2;NS-Gamma-2.3.2_OTU2	1.0
sq120	NT;NT-Alpha;NT-Alpha-1;NT-Alpha-1.1;NT-Alpha-1.1.1;NT-Alpha-1.1.1.1;NT-Alpha-1.1.1.1.3;NT-Alpha-1.1.1.1.3.2;NT-Alpha-1.1.1.1.3.2.Incertae_sedis;NT-Alpha-1.1.1.1.3.2.Incertae_sedis_OTU1	1.0
sq64	NT;NT-Alpha;NT-Alpha_OTU10	1.0
sq118	NS;NS-Gamma;NS-Gamma-2;NS-Gamma-2.3;NS-Gamma-2.3.2;NS-Gamma-2.3.2_OTU2	1.0
sq110	NT;NT-Alpha;NT-Alpha-Incertae_sedis;NT-Alpha-Incertae_sedis_OTU2	1.0
sq119	NS;NS-Delta;NS-Delta-2;NS-Delta-2.2;NS-Delta-2.2.1;NS-Delta-2.2.1_OTU4	1.0
sq123	NS;NS-Delta;NS-Delta-1;NS-Delta-1.1;NS-Delta-1.1.3;NS-Delta-1.1.3_OTU2	1.0
sq122	NS;NS-Delta;NS-Delta-2;NS-Delta-2.1;NS-Delta-2.1_OTU2	1.0
sq124	NS;NS-Beta;NS-Beta-1;NS-Beta-1_OTU9	1.0
sq127	NS;NS-Delta;NS-Delta-2;NS-Delta-2.1;NS-Delta-2.1_OTU2	1.0
sq132	NT;NT-Alpha;NT-Alpha_OTU10	1.0
sq121	NS;NS-Delta;NS-Delta-1;NS-Delta-1.1;NS-Delta-1.1.2;NS-Delta-1.1.2.1;NS-Delta-1.1.2.1_OTU13	1.0
sq117	NT;NT-Alpha;NT-Alpha_OTU10	1.0
sq129	NS;NS-Gamma;NS-Gamma-2;NS-Gamma-2.3;NS-Gamma-2.3.2;NS-Gamma-2.3.2_OTU2	1.0
sq126	NS;NS-Delta;NS-Delta-2;NS-Delta-2.1;NS-Delta-2.1_OTU2	1.0
sq128	NS;NS-Beta;NS-Beta-1;NS-Beta-1_OTU10	1.0
sq130	NT;NT-Alpha;NT-Alpha-Incertae_sedis;NT-Alpha-Incertae_sedis_OTU2	1.0
sq136	NS;NS-Beta;NS-Beta-1;NS-Beta-1_OTU10	1.0
sq138	NS;NS-Gamma;NS-Gamma-2;NS-Gamma-2.3;NS-Gamma-2.3.2;NS-Gamma-2.3.2_OTU2	1.0
sq135	NS;NS-Beta;NS-Beta-1;NS-Beta-1_OTU7	1.0
sq125	NS;NS-Delta;NS-Delta-1;NS-Delta-1.1;NS-Delta-1.1.3;NS-Delta-1.1.3_OTU2	1.0
sq139	NS;NS-Beta;NS-Beta-1;NS-Beta-1_OTU9	1.0
sq137	NT;NT-Alpha;NT-Alpha-Incertae_sedis;NT-Alpha-Incertae_sedis_OTU2	1.0
sq134	NT;NT-Alpha;NT-Alpha-Incertae_sedis;NT-Alpha-Incertae_sedis_OTU2	1.0
sq91	NS;NS-Delta;NS-Delta-2;NS-Delta-2.1;NS-Delta-2.1_OTU2	1.0
sq143	NS;NS-Delta;NS-Delta-1;NS-Delta-1.Incertae_sedis.3;NS-Delta-1.Incertae_sedis.3_OTU2	1.0
sq147	NS;NS-Gamma;NS-Gamma-2;NS-Gamma-2.3;NS-Gamma-2.3.2;NS-Gamma-2.3.2.2;NS-Gamma-2.3.2.2_OTU3	1.0
sq142	NS;NS-Alpha;NS-Alpha-3;NS-Alpha-3.2;NS-Alpha-3.2.3;NS-Alpha-3.2.3.1;NS-Alpha-3.2.3.1.4;NS-Alpha-3.2.3.1.4_OTU3	1.0
sq146	NS;NS_OTU1	1.0
sq131	NS;NS-Gamma;NS-Gamma-2;NS-Gamma-2.3;NS-Gamma-2.3.2;NS-Gamma-2.3.2.2;NS-Gamma-2.3.2.2_OTU3	1.0
sq145	NT;NT-Alpha;NT-Alpha-1;NT-Alpha-1.1;NT-Alpha-1.1.1;NT-Alpha-1.1.1.1;NT-Alpha-1.1.1.1.3;NT-Alpha-1.1.1.1.3.2;NT-Alpha-1.1.1.1.3.2.Incertae_sedis;NT-Alpha-1.1.1.1.3.2.Incertae_sedis_OTU1	1.0
sq144	NT;NT-Alpha;NT-Alpha-Incertae_sedis;NT-Alpha-Incertae_sedis_OTU2	1.0
sq148	NS;NS-Delta;NS-Delta-2;NS-Delta-2.2;NS-Delta-2.2.1;NS-Delta-2.2.1_OTU5	1.0
sq157	NS;NS-Beta;NS-Beta-1;NS-Beta-1_OTU10	1.0
sq151	NS;NS-Delta;NS-Delta-1;NS-Delta-1_OTU4	1.0
sq152	NS;NS-Delta;NS-Delta-2;NS-Delta-2.2;NS-Delta-2.2.1;NS-Delta-2.2.1_OTU4	1.0
sq155	NS;NS-Delta;NS-Delta-1;NS-Delta-1_OTU7	1.0
sq141	NS;NS-Delta;NS-Delta-1;NS-Delta-1.Incertae_sedis.3;NS-Delta-1.Incertae_sedis.3_OTU2	1.0
sq150	NS;NS-Gamma;NS-Gamma-2;NS-Gamma-2.3;NS-Gamma-2.3.2;NS-Gamma-2.3.2_OTU2	1.0
sq156	NT;NT-Alpha;NT-Alpha_OTU6	1.0
sq154	NS;NS-Delta;NS-Delta-1;NS-Delta-1.2;NS-Delta-1.2.1;NS-Delta-1.2.1_OTU5	1.0
sq160	NT;NT-Alpha;NT-Alpha-Incertae_sedis;NT-Alpha-Incertae_sedis_OTU2	1.0
sq165	NT;NT-Alpha;NT-Alpha-1;NT-Alpha-1.1;NT-Alpha-1.1.1;NT-Alpha-1.1.1.2;NT-Alpha-1.1.1.2_OTU3	1.0
sq161	NS;NS-Delta;NS-Delta-2;NS-Delta-2.2;NS-Delta-2.2.1;NS-Delta-2.2.1_OTU5	1.0
sq105	NT;NT-Alpha;NT-Alpha-Incertae_sedis;NT-Alpha-Incertae_sedis_OTU2	1.0
sq149	NS;NS-Gamma;NS-Gamma-2;NS-Gamma-2.3;NS-Gamma-2.3.2;NS-Gamma-2.3.2.2;NS-Gamma-2.3.2.2_OTU3	1.0
sq162	NT;NT-Alpha;NT-Alpha-Incertae_sedis;NT-Alpha-Incertae_sedis_OTU2	1.0
sq107	NS;NS-Delta;NS-Delta-1;NS-Delta-1.1;NS-Delta-1.1.2;NS-Delta-1.1.2.1;NS-Delta-1.1.2.1_OTU13	1.0
sq166	NT;NT-Alpha;NT-Alpha-Incertae_sedis;NT-Alpha-Incertae_sedis_OTU2	1.0
sq168	NS;NS-Beta;NS-Beta-1;NS-Beta-1_OTU6	1.0
sq169	NS;NS-Gamma;NS-Gamma-2;NS-Gamma-2.3;NS-Gamma-2.3.2;NS-Gamma-2.3.2_OTU2	1.0
sq175	NS;NS-Delta;NS-Delta-2;NS-Delta-2.1;NS-Delta-2.1_OTU2	1.0
sq171	NS;NS-Gamma;NS-Gamma-2;NS-Gamma-2.3;NS-Gamma-2.3.2;NS-Gamma-2.3.2.3;NS-Gamma-2.3.2.3_OTU3	1.0
sq158	NS;NS-Beta;NS-Beta-1;NS-Beta-1_OTU10	1.0
sq170	NS;NS-Gamma;NS-Gamma-2;NS-Gamma-2.3;NS-Gamma-2.3_OTU2	1.0
sq172	NS;NS-Gamma;NS-Gamma-2;NS-Gamma-2.3;NS-Gamma-2.3.2;NS-Gamma-2.3.2.2;NS-Gamma-2.3.2.2_OTU8	1.0
sq176	NS;NS-Delta;NS-Delta-2;NS-Delta-2.1;NS-Delta-2.1_OTU2	1.0
sq180	NS;NS-Gamma;NS-Gamma-2;NS-Gamma-2.3;NS-Gamma-2.3.2;NS-Gamma-2.3.2.2;NS-Gamma-2.3.2.2_OTU6	1.0
sq177	NS;NS-Alpha;NS-Alpha-3;NS-Alpha-3.2;NS-Alpha-3.2.3;NS-Alpha-3.2.3.1;NS-Alpha-3.2.3.1.4;NS-Alpha-3.2.3.1.4_OTU3	1.0
sq179	NT;NT-Alpha;NT-Alpha_OTU10	1.0
sq163	NS;NS-Gamma;NS-Gamma-2;NS-Gamma-2.3;NS-Gamma-2.3.2;NS-Gamma-2.3.2_OTU2	1.0
sq174	NS;NS-Delta;NS-Delta-1;NS-Delta-1.1;NS-Delta-1.1.3;NS-Delta-1.1.3_OTU2	1.0
sq178	NS;NS-Gamma;NS-Gamma-2;NS-Gamma-2.3;NS-Gamma-2.3.2;NS-Gamma-2.3.2.3;NS-Gamma-2.3.2.3_OTU3	1.0
sq181	NT;NT-Alpha;NT-Alpha-1;NT-Alpha-1.1;NT-Alpha-1.1.1;NT-Alpha-1.1.1.1;NT-Alpha-1.1.1.1.3;NT-Alpha-1.1.1.1.3.2;NT-Alpha-1.1.1.1.3.2.Incertae_sedis;NT-Alpha-1.1.1.1.3.2.Incertae_sedis_OTU1	1.0
sq184	NS;NS-Gamma;NS-Gamma-2;NS-Gamma-2.1;NS-Gamma-2.1.2;NS-Gamma-2.1.2.2;NS-Gamma-2.1.2.2_OTU3	1.0
sq183	NT;NT-Alpha;NT-Alpha-1;NT-Alpha-1.1;NT-Alpha-1.1.1;NT-Alpha-1.1.1.2;NT-Alpha-1.1.1.2_OTU3	1.0
sq188	NS;NS-Delta;NS-Delta-1;NS-Delta-1.Incertae_sedis.3;NS-Delta-1.Incertae_sedis.3_OTU2	1.0
sq187	NS;NS-Alpha;NS-Alpha-3;NS-Alpha-3.2;NS-Alpha-3.2.3;NS-Alpha-3.2.3.1;NS-Alpha-3.2.3.1.3;NS-Alpha-3.2.3.1.3_OTU1	1.0
sq173	NS;NS-Delta;NS-Delta-2;NS-Delta-2.1;NS-Delta-2.1_OTU2	1.0
sq133	NT;NT-Alpha;NT-Alpha-Incertae_sedis;NT-Alpha-Incertae_sedis_OTU2	1.0
sq186	NT;NT-Alpha;NT-Alpha-Incertae_sedis;NT-Alpha-Incertae_sedis_OTU2	1.0
sq193	NS;NS-Gamma;NS-Gamma-2;NS-Gamma-2.3;NS-Gamma-2.3.2;NS-Gamma-2.3.2.3;NS-Gamma-2.3.2.3_OTU3	1.0
sq185	NT;NT-Alpha;NT-Alpha-1;NT-Alpha-1.1;NT-Alpha-1.1.1;NT-Alpha-1.1.1.1;NT-Alpha-1.1.1.1.3;NT-Alpha-1.1.1.1.3.2;NT-Alpha-1.1.1.1.3.2.Incertae_sedis;NT-Alpha-1.1.1.1.3.2.Incertae_sedis_OTU1	1.0
sq192	NT;NT-Alpha;NT-Alpha-1;NT-Alpha-1.1;NT-Alpha-1.1.1;NT-Alpha-1.1.1.1;NT-Alpha-1.1.1.1_OTU4	1.0
sq196	NS;NS-Beta;NS-Beta-2;NS-Beta-2_OTU1	1.0
sq195	NT;NT-Alpha;NT-Alpha-1;NT-Alpha-1.1;NT-Alpha-1.1.1;NT-Alpha-1.1.1.2;NT-Alpha-1.1.1.2_OTU3	1.0
sq182	NS;NS-Beta;NS-Beta-1;NS-Beta-1_OTU10	1.0
sq153	NS;NS-Delta;NS-Delta-1;NS-Delta-1.1;NS-Delta-1.1.2;NS-Delta-1.1.2.1;NS-Delta-1.1.2.1_OTU13	1.0
sq189	NS;NS-Delta;NS-Delta-2;NS-Delta-2.1;NS-Delta-2.1_OTU2	1.0
sq200	NS;NS-Alpha;NS-Alpha-3;NS-Alpha-3.2;NS-Alpha-3.2.1;NS-Alpha-3.2.1.1;NS-Alpha-3.2.1.1.1;NS-Alpha-3.2.1.1.1.2;NS-Alpha-3.2.1.1.1.2_OTU2	1.0
sq199	NS;NS-Gamma;NS-Gamma-2;NS-Gamma-2.3;NS-Gamma-2.3_OTU2	1.0
sq194	NS;NS-Delta;NS-Delta-2;NS-Delta-2.1;NS-Delta-2.1_OTU2	1.0
sq201	NT;NT-Alpha;NT-Alpha-1;NT-Alpha-1.1;NT-Alpha-1.1.2;NT-Alpha-1.1.2.2;NT-Alpha-1.1.2.2_OTU5	1.0
sq203	NS;NS-Delta;NS-Delta-1;NS-Delta-1.2;NS-Delta-1.2.2;NS-Delta-1.2.2_OTU2	1.0
sq190	NT;NT-Alpha;NT-Alpha_OTU8	1.0
sq202	NS;NS-Delta;NS-Delta-2;NS-Delta-2.2;NS-Delta-2.2.1;NS-Delta-2.2.1_OTU4	1.0
sq198	NS;NS-Alpha;NS-Alpha-3;NS-Alpha-3.2;NS-Alpha-3.2.3;NS-Alpha-3.2.3.1;NS-Alpha-3.2.3.1.1;NS-Alpha-3.2.3.1.1_OTU9	1.0
sq159	NT;NT-Alpha;NT-Alpha_OTU5	1.0
sq208	NS;NS-Delta;NS-Delta-2;NS-Delta-2.2;NS-Delta-2.2.1;NS-Delta-2.2.1_OTU2	1.0
sq204	NT;NT-Alpha;NT-Alpha-1;NT-Alpha-1.1;NT-Alpha-1.1.1;NT-Alpha-1.1.1.1;NT-Alpha-1.1.1.1.3;NT-Alpha-1.1.1.1.3.2;NT-Alpha-1.1.1.1.3.2.Incertae_sedis;NT-Alpha-1.1.1.1.3.2.Incertae_sedis_OTU1	1.0
sq212	NS;NS-Delta;NS-Delta-1;NS-Delta-1.Incertae_sedis.3;NS-Delta-1.Incertae_sedis.3_OTU2	1.0
sq211	NS;NS-Alpha;NS-Alpha-3;NS-Alpha-3.2;NS-Alpha-3.2.3;NS-Alpha-3.2.3.1;NS-Alpha-3.2.3.1.4;NS-Alpha-3.2.3.1.4_OTU3	1.0
sq197	NS;NS-Alpha;NS-Alpha-3;NS-Alpha-3.2;NS-Alpha-3.2.3;NS-Alpha-3.2.3.1;NS-Alpha-3.2.3.1.4;NS-Alpha-3.2.3.1.4_OTU3	1.0
sq209	NS;NS-Delta;NS-Delta-1;NS-Delta-1.Incertae_sedis.3;NS-Delta-1.Incertae_sedis.3_OTU2	1.0
sq207	NS;NS-Alpha;NS-Alpha-3;NS-Alpha-3.2;NS-Alpha-3.2.3;NS-Alpha-3.2.3.1;NS-Alpha-3.2.3.1.2;NS-Alpha-3.2.3.1.2_OTU4	1.0
sq217	NT;NT-Alpha;NT-Alpha_OTU5	1.0
sq214	NT;NT-Alpha;NT-Alpha-1;NT-Alpha-1.2;NT-Alpha-1.2.1;NT-Alpha-1.2.1_OTU4	1.0
sq164	NS;NS-Gamma;NS-Gamma-2;NS-Gamma-2.2;NS-Gamma-2.2.3;NS-Gamma-2.2.3_OTU3	1.0
sq220	NS;NS-Gamma;NS-Gamma-2;NS-Gamma-2.1;NS-Gamma-2.1.2;NS-Gamma-2.1.2.2;NS-Gamma-2.1.2.2_OTU3	1.0
sq219	NS;NS-Alpha;NS-Alpha-3;NS-Alpha-3.2;NS-Alpha-3.2.3;NS-Alpha-3.2.3.1;NS-Alpha-3.2.3.1.4;NS-Alpha-3.2.3.1.4_OTU3	1.0
sq206	NS;NS-Gamma;NS-Gamma-2;NS-Gamma-2.3;NS-Gamma-2.3.2;NS-Gamma-2.3.2_OTU2	1.0
sq216	NS;NS-Delta;NS-Delta-2;NS-Delta-2.2;NS-Delta-2.2.1;NS-Delta-2.2.1_OTU5	1.0
sq215	NS;NS-Alpha;NS-Alpha-3;NS-Alpha-3.2;NS-Alpha-3.2.3;NS-Alpha-3.2.3.1;NS-Alpha-3.2.3.1.4;NS-Alpha-3.2.3.1.4_OTU3	1.0
sq224	NS;NS-Gamma;NS-Gamma-2;NS-Gamma-2.3;NS-Gamma-2.3.2;NS-Gamma-2.3.2.3;NS-Gamma-2.3.2.3_OTU3	1.0
sq223	NT;NT-Alpha;NT-Alpha_OTU5	1.0
sq218	NS;NS-Delta;NS-Delta-2;NS-Delta-2.1;NS-Delta-2.1_OTU2	1.0
sq230	NT;NT-Alpha;NT-Alpha-Incertae_sedis;NT-Alpha-Incertae_sedis_OTU2	1.0
sq225	NS;NS-Delta;NS-Delta-2;NS-Delta-2.1;NS-Delta-2.1_OTU2	1.0
sq213	NS;NS-Delta;NS-Delta-2;NS-Delta-2.1;NS-Delta-2.1_OTU2	1.0
sq226	NS;NS-Alpha;NS-Alpha-3;NS-Alpha-3.2;NS-Alpha-3.2.3;NS-Alpha-3.2.3.1;NS-Alpha-3.2.3.1_OTU2	1.0
sq222	NS;NS-Beta;NS-Beta-2;NS-Beta-2_OTU1	1.0
sq233	NT;NT-Alpha;NT-Alpha-1;NT-Alpha-1.1;NT-Alpha-1.1.1;NT-Alpha-1.1.1.2;NT-Alpha-1.1.1.2_OTU3	1.0
sq232	NT;NT-Alpha;NT-Alpha-Incertae_sedis;NT-Alpha-Incertae_sedis_OTU2	1.0
sq236	NS;NS-Gamma;NS-Gamma-2;NS-Gamma-2.3;NS-Gamma-2.3.2;NS-Gamma-2.3.2_OTU2	1.0
sq228	NT;NT-Alpha;NT-Alpha-Incertae_sedis;NT-Alpha-Incertae_sedis_OTU2	1.0
sq221	NT;NT-Alpha;NT-Alpha-Incertae_sedis;NT-Alpha-Incertae_sedis_OTU2	1.0
sq234	NS;NS-Alpha;NS-Alpha-3;NS-Alpha-3.2;NS-Alpha-3.2.3;NS-Alpha-3.2.3.1;NS-Alpha-3.2.3.1.4;NS-Alpha-3.2.3.1.4_OTU3	1.0
sq229	NS;NS-Gamma;NS-Gamma-2;NS-Gamma-2.3;NS-Gamma-2.3.2;NS-Gamma-2.3.2_OTU2	1.0
sq191	NS;NS-Delta;NS-Delta-1;NS-Delta-1.Incertae_sedis.3;NS-Delta-1.Incertae_sedis.3_OTU2	1.0
sq239	NS;NS-Delta;NS-Delta-1;NS-Delta-1.1;NS-Delta-1.1.2;NS-Delta-1.1.2.1;NS-Delta-1.1.2.1_OTU13	1.0
sq238	NS;NS-Delta;NS-Delta-1;NS-Delta-1.Incertae_sedis.3;NS-Delta-1.Incertae_sedis.3_OTU2	1.0
sq244	NS;NS-Delta;NS-Delta-1;NS-Delta-1.Incertae_sedis.3;NS-Delta-1.Incertae_sedis.3_OTU2	1.0
sq235	NT;NT-Alpha;NT-Alpha-1;NT-Alpha-1.1;NT-Alpha-1.1.1;NT-Alpha-1.1.1.1;NT-Alpha-1.1.1.1.3;NT-Alpha-1.1.1.1.3.2;NT-Alpha-1.1.1.1.3.2.Incertae_sedis;NT-Alpha-1.1.1.1.3.2.Incertae_sedis_OTU1	1.0
sq243	NS;NS-Gamma;NS-Gamma-2;NS-Gamma-2.1;NS-Gamma-2.1.2;NS-Gamma-2.1.2.2;NS-Gamma-2.1.2.2_OTU3	1.0
sq227	NT;NT-Alpha;NT-Alpha_OTU8	1.0
sq242	NT;NT-Alpha;NT-Alpha-Incertae_sedis;NT-Alpha-Incertae_sedis_OTU2	1.0
sq240	NS;NS-Alpha;NS-Alpha-3;NS-Alpha-3.2;NS-Alpha-3.2.3;NS-Alpha-3.2.3.1;NS-Alpha-3.2.3.1.4;NS-Alpha-3.2.3.1.4_OTU3	1.0
sq248	NT;NT-Alpha;NT-Alpha-1;NT-Alpha-1.1;NT-Alpha-1.1.1;NT-Alpha-1.1.1.1;NT-Alpha-1.1.1.1.Incertae_sedis;NT-Alpha-1.1.1.1.Incertae_sedis_OTU1	1.0
sq247	NS;NS-Delta;NS-Delta-2;NS-Delta-2.2;NS-Delta-2.2.1;NS-Delta-2.2.1_OTU4	1.0
sq241	NS;NS-Delta;NS-Delta-1;NS-Delta-1.1;NS-Delta-1.1.2;NS-Delta-1.1.2.1;NS-Delta-1.1.2.1_OTU13	1.0
sq253	NT;NT-Alpha;NT-Alpha-1;NT-Alpha-1.1;NT-Alpha-1.1.1;NT-Alpha-1.1.1.1;NT-Alpha-1.1.1.1.3;NT-Alpha-1.1.1.1.3.2;NT-Alpha-1.1.1.1.3.2.Incertae_sedis;NT-Alpha-1.1.1.1.3.2.Incertae_sedis_OTU1	1.0
sq251	NS;NS-Delta;NS-Delta-1;NS-Delta-1.Incertae_sedis.3;NS-Delta-1.Incertae_sedis.3_OTU2	1.0
sq237	NS;NS-Delta;NS-Delta-2;NS-Delta-2.1;NS-Delta-2.1_OTU2	1.0
sq250	NS;NS-Delta;NS-Delta-2;NS-Delta-2.2;NS-Delta-2.2.1;NS-Delta-2.2.1_OTU4	1.0
sq245	NS;NS-Alpha;NS-Alpha-3;NS-Alpha-3.2;NS-Alpha-3.2.3;NS-Alpha-3.2.3.1;NS-Alpha-3.2.3.1.4;NS-Alpha-3.2.3.1.4_OTU3	1.0
sq258	NS;NS-Beta;NS-Beta-1;NS-Beta-1_OTU10	1.0
sq205	NS;NS-Delta;NS-Delta-1;NS-Delta-1.Incertae_sedis.3;NS-Delta-1.Incertae_sedis.3_OTU2	1.0
sq261	NS;NS-Delta;NS-Delta-1;NS-Delta-1.Incertae_sedis.3;NS-Delta-1.Incertae_sedis.3_OTU2	1.0
sq252	NS;NS-Delta;NS-Delta-2;NS-Delta-2.1;NS-Delta-2.1_OTU2	1.0
sq256	NS;NS-Gamma;NS-Gamma-2;NS-Gamma-2.3;NS-Gamma-2.3.2;NS-Gamma-2.3.2_OTU2	1.0
sq257	NS;NS-Gamma;NS-Gamma-2;NS-Gamma-2.3;NS-Gamma-2.3.2;NS-Gamma-2.3.2.2;NS-Gamma-2.3.2.2_OTU6	1.0
sq246	NS;NS-Beta;NS-Beta-1;NS-Beta-1_OTU12	1.0
sq255	NS;NS-Delta;NS-Delta-1;NS-Delta-1.1;NS-Delta-1.1.3;NS-Delta-1.1.3_OTU2	1.0
sq266	NS;NS-Beta;NS-Beta-1;NS-Beta-1_OTU10	1.0
sq264	NS;NS-Gamma;NS-Gamma-2;NS-Gamma-2.1;NS-Gamma-2.1.2;NS-Gamma-2.1.2.2;NS-Gamma-2.1.2.2_OTU3	1.0
sq269	NT;NT-Alpha;NT-Alpha-Incertae_sedis;NT-Alpha-Incertae_sedis_OTU2	1.0
sq259	NS;NS-Gamma;NS-Gamma-2;NS-Gamma-2.3;NS-Gamma-2.3_OTU2	1.0
sq263	NS;NS-Delta;NS-Delta-1;NS-Delta-1.1;NS-Delta-1.1.2;NS-Delta-1.1.2.1;NS-Delta-1.1.2.1_OTU13	1.0
sq231	NS;NS-Gamma;NS-Gamma-2;NS-Gamma-2.3;NS-Gamma-2.3.2;NS-Gamma-2.3.2.2;NS-Gamma-2.3.2.2_OTU3	1.0
sq254	NS;NS-Delta;NS-Delta-1;NS-Delta-1.1;NS-Delta-1.1.3;NS-Delta-1.1.3_OTU2	1.0
sq210	NT;NT-Alpha;NT-Alpha-Incertae_sedis;NT-Alpha-Incertae_sedis_OTU2	1.0
sq272	NS;NS-Delta;NS-Delta-2;NS-Delta-2.1;NS-Delta-2.1_OTU2	1.0
sq273	NS;NS-Gamma;NS-Gamma-2;NS-Gamma-2.3;NS-Gamma-2.3.2;NS-Gamma-2.3.2.2;NS-Gamma-2.3.2.2_OTU3	1.0
sq275	NS;NS-Alpha;NS-Alpha-3;NS-Alpha-3.2;NS-Alpha-3.2.3;NS-Alpha-3.2.3.1;NS-Alpha-3.2.3.1.7;NS-Alpha-3.2.3.1.7_OTU6	1.0
sq274	NS;NS-Gamma;NS-Gamma-2;NS-Gamma-2.3;NS-Gamma-2.3.2;NS-Gamma-2.3.2_OTU2	1.0
sq271	NS;NS-Delta;NS-Delta-2;NS-Delta-2.1;NS-Delta-2.1_OTU2	1.0
sq267	NS;NS-Delta;NS-Delta-1;NS-Delta-1.2;NS-Delta-1.2.2;NS-Delta-1.2.2_OTU2	1.0
sq270	NS;NS-Gamma;NS-Gamma-2;NS-Gamma-2.3;NS-Gamma-2.3.2;NS-Gamma-2.3.2.3;NS-Gamma-2.3.2.3_OTU3	1.0
sq279	NS;NS-Delta;NS-Delta-1;NS-Delta-1.Incertae_sedis.3;NS-Delta-1.Incertae_sedis.3_OTU2	1.0
sq278	NS;NS-Gamma;NS-Gamma-2;NS-Gamma-2.3;NS-Gamma-2.3_OTU2	1.0
sq285	NS;NS-Alpha;NS-Alpha-3;NS-Alpha-3.2;NS-Alpha-3.2.3;NS-Alpha-3.2.3.Incertae_sedis.2;NS-Alpha-3.2.3.Incertae_sedis.2_OTU1	1.0
sq282	NT;NT-Alpha;NT-Alpha_OTU10	1.0
sq283	NS;NS-Gamma;NS-Gamma-2;NS-Gamma-2.3;NS-Gamma-2.3.2;NS-Gamma-2.3.2.3;NS-Gamma-2.3.2.3_OTU3	1.0
sq249	NS;NS-Delta;NS-Delta-1;NS-Delta-1.Incertae_sedis.3;NS-Delta-1.Incertae_sedis.3_OTU2	1.0
sq286	NS;NS-Delta;NS-Delta-1;NS-Delta-1.1;NS-Delta-1.1.2;NS-Delta-1.1.2.1;NS-Delta-1.1.2.1_OTU13	1.0
sq268	NS;NS-Delta;NS-Delta-1;NS-Delta-1.Incertae_sedis.3;NS-Delta-1.Incertae_sedis.3_OTU2	1.0
sq277	NS;NS-Beta;NS-Beta-1;NS-Beta-1_OTU12	1.0
sq265	NS;NS-Gamma;NS-Gamma-2;NS-Gamma-2.3;NS-Gamma-2.3.2;NS-Gamma-2.3.2_OTU2	1.0
sq291	NT;NT-Alpha;NT-Alpha-1;NT-Alpha-1.1;NT-Alpha-1.1.1;NT-Alpha-1.1.1.1;NT-Alpha-1.1.1.1.3;NT-Alpha-1.1.1.1.3_OTU1	1.0
sq281	NS;NS-Delta;NS-Delta-1;NS-Delta-1.1;NS-Delta-1.1.2;NS-Delta-1.1.2.1;NS-Delta-1.1.2.1_OTU13	1.0
sq289	NS;NS-Beta;NS-Beta-1;NS-Beta-1_OTU6	1.0
sq280	NS;NS-Delta;NS-Delta-1;NS-Delta-1.Incertae_sedis.3;NS-Delta-1.Incertae_sedis.3_OTU2	1.0
sq295	NT;NT-Alpha;NT-Alpha-1;NT-Alpha-1.1;NT-Alpha-1.1.1;NT-Alpha-1.1.1.1;NT-Alpha-1.1.1.1.2;NT-Alpha-1.1.1.1.2_OTU4	1.0
sq276	NS;NS-Beta;NS-Beta-2;NS-Beta-2_OTU1	1.0
sq287	NS;NS-Delta;NS-Delta-2;NS-Delta-2.1;NS-Delta-2.1_OTU2	1.0
sq293	NS;NS-Gamma;NS-Gamma-2;NS-Gamma-2.1;NS-Gamma-2.1.2;NS-Gamma-2.1.2.2;NS-Gamma-2.1.2.2_OTU3	1.0
sq299	NS;NS-Gamma;NS-Gamma-2;NS-Gamma-2.3;NS-Gamma-2.3.2;NS-Gamma-2.3.2_OTU2	1.0
sq297	NS;NS-Alpha;NS-Alpha-3;NS-Alpha-3.2;NS-Alpha-3.2.3;NS-Alpha-3.2.3.1;NS-Alpha-3.2.3.1.4;NS-Alpha-3.2.3.1.4_OTU3	1.0
sq296	NS;NS-Delta;NS-Delta-2;NS-Delta-2.1;NS-Delta-2.1_OTU2	1.0
sq290	NT;NT-Alpha;NT-Alpha-1;NT-Alpha-1.2;NT-Alpha-1.2.1;NT-Alpha-1.2.1_OTU4	1.0
sq304	NS;NS-Beta;NS-Beta-1;NS-Beta-1_OTU10	1.0
sq284	NS;NS-Delta;NS-Delta-1;NS-Delta-1.2;NS-Delta-1.2.2;NS-Delta-1.2.2_OTU2	1.0
sq294	NS;NS-Gamma;NS-Gamma-2;NS-Gamma-2.3;NS-Gamma-2.3.2;NS-Gamma-2.3.2.3;NS-Gamma-2.3.2.3_OTU3	1.0
sq302	NS;NS-Delta;NS-Delta-1;NS-Delta-1.1;NS-Delta-1.1.3;NS-Delta-1.1.3_OTU2	1.0
sq306	NT;NT-Alpha;NT-Alpha-1;NT-Alpha-1.1;NT-Alpha-1.1.1;NT-Alpha-1.1.1.1;NT-Alpha-1.1.1.1.1;NT-Alpha-1.1.1.1.1_OTU3	1.0
sq305	NS;NS-Gamma;NS-Gamma-2;NS-Gamma-2.1;NS-Gamma-2.1.2;NS-Gamma-2.1.2.2;NS-Gamma-2.1.2.2_OTU3	1.0
sq298	NS;NS-Delta;NS-Delta-2;NS-Delta-2.2;NS-Delta-2.2.1;NS-Delta-2.2.1_OTU4	1.0
sq300	NT;NT-Alpha;NT-Alpha-Incertae_sedis;NT-Alpha-Incertae_sedis_OTU2	1.0
sq312	NS;NS-Gamma;NS-Gamma-2;NS-Gamma-2.3;NS-Gamma-2.3.2;NS-Gamma-2.3.2_OTU2	1.0
sq292	NS;NS-Delta;NS-Delta-1;NS-Delta-1.1;NS-Delta-1.1.3;NS-Delta-1.1.3_OTU2	1.0
sq303	NS;NS-Alpha;NS-Alpha-3;NS-Alpha-3.2;NS-Alpha-3.2.3;NS-Alpha-3.2.3.1;NS-Alpha-3.2.3.1.3;NS-Alpha-3.2.3.1.3_OTU1	1.0
sq311	NS;NS-Gamma;NS-Gamma-2;NS-Gamma-2.3;NS-Gamma-2.3.2;NS-Gamma-2.3.2_OTU1	1.0
sq317	NT;NT-Alpha;NT-Alpha_OTU5	1.0
sq313	NT;NT-Alpha;NT-Alpha-Incertae_sedis;NT-Alpha-Incertae_sedis_OTU2	1.0
sq314	NS;NS-Gamma;NS-Gamma-2;NS-Gamma-2.3;NS-Gamma-2.3.2;NS-Gamma-2.3.2_OTU2	1.0
sq307	NT;NT-Alpha;NT-Alpha-Incertae_sedis;NT-Alpha-Incertae_sedis_OTU2	1.0
sq319	NS;NS-Alpha;NS-Alpha-3;NS-Alpha-3.2;NS-Alpha-3.2.3;NS-Alpha-3.2.3.1;NS-Alpha-3.2.3.1.4;NS-Alpha-3.2.3.1.4.2;NS-Alpha-3.2.3.1.4.2_OTU3	1.0
sq301	NS;NS-Gamma;NS-Gamma-2;NS-Gamma-2.3;NS-Gamma-2.3.2;NS-Gamma-2.3.2_OTU2	1.0
sq309	NS;NS-Beta;NS-Beta-1;NS-Beta-1_OTU9	1.0
sq318	NS;NS-Gamma;NS-Gamma-2;NS-Gamma-2.3;NS-Gamma-2.3.2;NS-Gamma-2.3.2_OTU2	1.0
sq321	NS;NS-Gamma;NS-Gamma-2;NS-Gamma-2.3;NS-Gamma-2.3.2;NS-Gamma-2.3.2.3;NS-Gamma-2.3.2.3_OTU3	1.0
sq323	NT;NT-Alpha;NT-Alpha-1;NT-Alpha-1.1;NT-Alpha-1.1.1;NT-Alpha-1.1.1.2;NT-Alpha-1.1.1.2_OTU3	1.0
sq322	NS;NS_OTU1	1.0
sq326	NS;NS-Delta;NS-Delta-1;NS-Delta-1_OTU7	1.0
sq315	NS;NS-Gamma;NS-Gamma-2;NS-Gamma-2.3;NS-Gamma-2.3.2;NS-Gamma-2.3.2.2;NS-Gamma-2.3.2.2_OTU3	1.0
sq308	NS;NS-Gamma;NS-Gamma-2;NS-Gamma-2.3;NS-Gamma-2.3.2;NS-Gamma-2.3.2_OTU2	1.0
sq316	NS;NS-Alpha;NS-Alpha-3;NS-Alpha-3.2;NS-Alpha-3.2.3;NS-Alpha-3.2.3.1;NS-Alpha-3.2.3.1.4;NS-Alpha-3.2.3.1.4_OTU3	1.0
sq327	NT;NT-Alpha;NT-Alpha-1;NT-Alpha-1.1;NT-Alpha-1.1.1;NT-Alpha-1.1.1.1;NT-Alpha-1.1.1.1.3;NT-Alpha-1.1.1.1.3.2;NT-Alpha-1.1.1.1.3.2.Incertae_sedis;NT-Alpha-1.1.1.1.3.2.Incertae_sedis_OTU1	1.0
sq140	NS;NS-Beta;NS-Beta-1;NS-Beta-1_OTU10	1.0
sq325	NS;NS-Gamma;NS-Gamma-2;NS-Gamma-2.3;NS-Gamma-2.3.2;NS-Gamma-2.3.2_OTU2	1.0
sq324	NS;NS-Beta;NS-Beta-1;NS-Beta-1_OTU6	1.0
sq320	NS;NS-Alpha;NS-Alpha-3;NS-Alpha-3.2;NS-Alpha-3.2.1;NS-Alpha-3.2.1.1;NS-Alpha-3.2.1.1.1;NS-Alpha-3.2.1.1.1.2;NS-Alpha-3.2.1.1.1.2_OTU3	1.0
sq288	NS;NS-Delta;NS-Delta-2;NS-Delta-2.2;NS-Delta-2.2.1;NS-Delta-2.2.1_OTU2	1.0
sq260	NS;NS-Delta;NS-Delta-2;NS-Delta-2.1;NS-Delta-2.1_OTU2	1.0
