Feature ID	Taxon	Confidence
Seq2	NS;NS-Gamma;NS-Gamma-2;NS-Gamma-2.3;NS-Gamma-2.3.2;NS-Gamma-2.3.2_OTU2	0.9999999989787227
Seq5	NS;NS-Gamma;NS-Gamma-2;NS-Gamma-2.3;NS-Gamma-2.3.2;NS-Gamma-2.3.2_OTU2	0.9999999984133865
Seq4	NS;NS-Delta;NS-Delta-1;NS-Delta-1.Incertae_sedis.3;NS-Delta-1.Incertae_sedis.3_OTU2	0.9999938859197537
Seq10	NS;NS-Gamma;NS-Gamma-2;NS-Gamma-2.3;NS-Gamma-2.3.2;NS-Gamma-2.3.2_OTU2	0.9999999967436679
Seq3	NT;NT-Alpha;NT-Alpha-1;NT-Alpha-1.1;NT-Alpha-1.1.1;NT-Alpha-1.1.1.1;NT-Alpha-1.1.1.1.3;NT-Alpha-1.1.1.1.3.2;NT-Alpha-1.1.1.1.3.2.Incertae_sedis;NT-Alpha-1.1.1.1.3.2.Incertae_sedis_OTU1	0.9999961722722547
Seq13	NT;NT-Alpha;NT-Alpha-Incertae_sedis;NT-Alpha-Incertae_sedis_OTU2	0.9999261350283829
Seq11	NT;NT-Alpha;NT-Alpha-Incertae_sedis;NT-Alpha-Incertae_sedis_OTU2	0.9998437278234297
Seq12	NT;NT-Alpha;NT-Alpha-1;NT-Alpha-1.1;NT-Alpha-1.1.1;NT-Alpha-1.1.1.1;NT-Alpha-1.1.1.1.3;NT-Alpha-1.1.1.1.3.2;NT-Alpha-1.1.1.1.3.2.Incertae_sedis;NT-Alpha-1.1.1.1.3.2.Incertae_sedis_OTU1	0.9999921983628258
Seq19	NS;NS-Delta;NS-Delta-1;NS-Delta-1_OTU8	0.9706320961835172
Seq18	NS;NS-Beta;NS-Beta-2;NS-Beta-2_OTU1	0.9999999384083101
Seq20	NT;NT-Alpha;NT-Alpha-1;NT-Alpha-1.1;NT-Alpha-1.1.1;NT-Alpha-1.1.1.1;NT-Alpha-1.1.1.1.3;NT-Alpha-1.1.1.1.3.2;NT-Alpha-1.1.1.1.3.2.Incertae_sedis;NT-Alpha-1.1.1.1.3.2.Incertae_sedis_OTU1	0.9996026580812398
Seq26	NS;NS-Delta;NS-Delta-1;NS-Delta-1.Incertae_sedis.3;NS-Delta-1.Incertae_sedis.3_OTU2	0.9999903754003192
Seq28	NS;NS-Delta;NS-Delta-1;NS-Delta-1.Incertae_sedis.3;NS-Delta-1.Incertae_sedis.3_OTU2	0.9999670002250994
Seq27	NS;NS-Gamma;NS-Gamma-2;NS-Gamma-2.3;NS-Gamma-2.3.2;NS-Gamma-2.3.2.2;NS-Gamma-2.3.2.2_OTU6	0.996100593076444
Seq34	NS;NS-Delta;NS-Delta-1;NS-Delta-1.1;NS-Delta-1.1.2;NS-Delta-1.1.2.1;NS-Delta-1.1.2.1_OTU13	0.9992004645281299
Seq35	NS;NS-Delta;NS-Delta-1;NS-Delta-1.Incertae_sedis.3;NS-Delta-1.Incertae_sedis.3_OTU2	0.9986035777840322
Seq36	NT;NT-Alpha;NT-Alpha-1;NT-Alpha-1.1;NT-Alpha-1.1.1;NT-Alpha-1.1.1.1;NT-Alpha-1.1.1.1.3;NT-Alpha-1.1.1.1.3.2;NT-Alpha-1.1.1.1.3.2.Incertae_sedis;NT-Alpha-1.1.1.1.3.2.Incertae_sedis_OTU1	0.9999199718211665
Seq29	NS;NS-Gamma;NS-Gamma-2;NS-Gamma-2.3;NS-Gamma-2.3.2;NS-Gamma-2.3.2.2;NS-Gamma-2.3.2.2_OTU8	0.9999999999134559
Seq43	NS;NS-Gamma;NS-Gamma-2;NS-Gamma-2.3;NS-Gamma-2.3.2;NS-Gamma-2.3.2_OTU2	0.999999999962597
Seq37	NS;NS-Delta;NS-Delta-1;NS-Delta-1.Incertae_sedis.3;NS-Delta-1.Incertae_sedis.3_OTU2	0.9986255643630029
Seq45	NS;NS-Gamma;NS-Gamma-2;NS-Gamma-2.3;NS-Gamma-2.3.2;NS-Gamma-2.3.2_OTU2	0.9999999993591757
Seq44	NS;NS-Delta;NS-Delta-2;NS-Delta-2.1;NS-Delta-2.1_OTU2	0.9999998221027385
Seq51	NS;NS-Beta;NS-Beta-1;NS-Beta-1_OTU9	0.999999999973312
Seq42	NS;NS-Delta;NS-Delta-2;NS-Delta-2.1;NS-Delta-2.1_OTU2	0.9999998370047782
Seq60	NS;NS-Gamma;NS-Gamma-2;NS-Gamma-2.3;NS-Gamma-2.3.2;NS-Gamma-2.3.2_OTU2	0.9999999910319559
Seq68	NS;NS-Beta;NS-Beta-1;NS-Beta-1_OTU6	0.9999967824515501
Seq67	NS;NS-Delta;NS-Delta-1;NS-Delta-1.1;NS-Delta-1.1.2;NS-Delta-1.1.2.1;NS-Delta-1.1.2.1_OTU13	0.9996437422057038
Seq76	NS;NS-Delta;NS-Delta-1;NS-Delta-1.Incertae_sedis.3;NS-Delta-1.Incertae_sedis.3_OTU2	0.9999898140281196
Seq75	NT;NT-Alpha;NT-Alpha-1;NT-Alpha-1.1;NT-Alpha-1.1.1;NT-Alpha-1.1.1.2;NT-Alpha-1.1.1.2_OTU3	0.9997745468998123
Seq84	NS;NS-Gamma;NS-Gamma-2;NS-Gamma-2.3;NS-Gamma-2.3.2;NS-Gamma-2.3.2_OTU2	0.9999999944845399
Seq53	NS;NS-Delta;NS-Delta-2;NS-Delta-2.1;NS-Delta-2.1_OTU2	0.9999996887850018
Seq92	NS;NS-Gamma;NS-Gamma-2;NS-Gamma-2.3;NS-Gamma-2.3.2;NS-Gamma-2.3.2.3;NS-Gamma-2.3.2.3_OTU3	0.9999896330654878
Seq100	NS;NS-Delta;NS-Delta-1;NS-Delta-1.Incertae_sedis.3;NS-Delta-1.Incertae_sedis.3_OTU2	0.9999845368214297
Seq58	NS;NS-Gamma;NS-Gamma-2;NS-Gamma-2.3;NS-Gamma-2.3.2;NS-Gamma-2.3.2.2;NS-Gamma-2.3.2.2_OTU6	0.9929615797198372
Seq61	NS;NS-Beta;NS-Beta-2;NS-Beta-2_OTU1	0.9999998279482304
Seq7	NT;NT-Alpha;NT-Alpha-1;NT-Alpha-1.1;NT-Alpha-1.1.1;NT-Alpha-1.1.1.1;NT-Alpha-1.1.1.1.3;NT-Alpha-1.1.1.1.3.2;NT-Alpha-1.1.1.1.3.2.Incertae_sedis;NT-Alpha-1.1.1.1.3.2.Incertae_sedis_OTU1	0.9999012698916796
Seq108	NS;NS-Alpha;NS-Alpha-3;NS-Alpha-3.2;NS-Alpha-3.2.3;NS-Alpha-3.2.3.1;NS-Alpha-3.2.3.1.7	0.9977817776036787
Seq116	NS;NS-Gamma;NS-Gamma-2;NS-Gamma-2.3;NS-Gamma-2.3.2;NS-Gamma-2.3.2.2;NS-Gamma-2.3.2.2_OTU3	0.9996965177422303
Seq124	NS;NS-Delta;NS-Delta-1;NS-Delta-1.1;NS-Delta-1.1.2;NS-Delta-1.1.2.1;NS-Delta-1.1.2.1_OTU13	0.9996204824782432
Seq69	NS;NS-Beta;NS-Beta-1;NS-Beta-1_OTU9	0.9999988624414518
Seq83	NS;NS-Gamma;NS-Gamma-2;NS-Gamma-2.3;NS-Gamma-2.3_OTU2	1.0
Seq132	NS;NS-Alpha;NS-Alpha-3;NS-Alpha-3.2;NS-Alpha-3.2.3;NS-Alpha-3.2.3.1;NS-Alpha-3.2.3.1.7;NS-Alpha-3.2.3.1.7_OTU1	0.9999992696937563
Seq66	NS;NS-Delta;NS-Delta-2;NS-Delta-2.1;NS-Delta-2.1_OTU2	0.9999997558839495
Seq23	NS;NS-Delta;NS-Delta-2;NS-Delta-2.1;NS-Delta-2.1_OTU2	0.9999980232757293
Seq77	NS;NS-Beta;NS-Beta-1;NS-Beta-1_OTU9	0.9999984163044394
Seq148	NS;NS-Beta;NS-Beta-2;NS-Beta-2_OTU1	0.9999997818851465
Seq85	NS;NS-Delta;NS-Delta-1;NS-Delta-1.Incertae_sedis.3;NS-Delta-1.Incertae_sedis.3_OTU2	0.9943118313065554
Seq31	NS;NS-Delta;NS-Delta-1;NS-Delta-1.1;NS-Delta-1.1.2;NS-Delta-1.1.2.1;NS-Delta-1.1.2.1_OTU13	0.9985024420546715
Seq91	NS;NS-Delta;NS-Delta-2;NS-Delta-2.1;NS-Delta-2.1_OTU2	0.9999997872202413
Seq93	NS;NS-Delta;NS-Delta-1;NS-Delta-1.1;NS-Delta-1.1.2;NS-Delta-1.1.2.1;NS-Delta-1.1.2.1_OTU13	0.9983804902033774
Seq39	NT;NT-Alpha;NT-Alpha-1;NT-Alpha-1.1;NT-Alpha-1.1.1;NT-Alpha-1.1.1.1;NT-Alpha-1.1.1.1.3;NT-Alpha-1.1.1.1.3.2;NT-Alpha-1.1.1.1.3.2.Incertae_sedis;NT-Alpha-1.1.1.1.3.2.Incertae_sedis_OTU1	0.9999000333679418
Seq101	NS;NS-Delta;NS-Delta-1;NS-Delta-1.Incertae_sedis.3;NS-Delta-1.Incertae_sedis.3_OTU2	0.9996902103877371
Seq6	NT;NT-Alpha;NT-Alpha-1;NT-Alpha-1.1;NT-Alpha-1.1.1;NT-Alpha-1.1.1.1;NT-Alpha-1.1.1.1.3;NT-Alpha-1.1.1.1.3.2;NT-Alpha-1.1.1.1.3.2.Incertae_sedis;NT-Alpha-1.1.1.1.3.2.Incertae_sedis_OTU1	0.9999199569146615
Seq107	NT;NT-Alpha;NT-Alpha-Incertae_sedis;NT-Alpha-Incertae_sedis_OTU2	0.9999757761923757
Seq55	NS;NS-Gamma;NS-Gamma-2;NS-Gamma-2.3;NS-Gamma-2.3.2;NS-Gamma-2.3.2.2;NS-Gamma-2.3.2.2_OTU3	0.9987116790849219
Seq115	NS;NS-Delta;NS-Delta-1;NS-Delta-1.2;NS-Delta-1.2.1;NS-Delta-1.2.1_OTU6	0.9488094609557894
Seq156	NS;NS-Delta;NS-Delta-2;NS-Delta-2.1;NS-Delta-2.1_OTU2	0.9999998616337773
Seq14	NS;NS-Beta;NS-Beta-1;NS-Beta-1_OTU10	0.9999997674359791
Seq164	NS;NS-Gamma;NS-Gamma-2;NS-Gamma-2.3;NS-Gamma-2.3.2;NS-Gamma-2.3.2.3;NS-Gamma-2.3.2.3_OTU3	0.9999729526388412
Seq123	NS;NS-Gamma;NS-Gamma-2;NS-Gamma-2.3;NS-Gamma-2.3.2;NS-Gamma-2.3.2.2;NS-Gamma-2.3.2.2_OTU1	0.8717260259191091
Seq63	NT;NT-Alpha;NT-Alpha-1;NT-Alpha-1.1;NT-Alpha-1.1.1;NT-Alpha-1.1.1.2;NT-Alpha-1.1.1.2_OTU3	0.9959022127051218
Seq172	NS;NS-Delta;NS-Delta-1;NS-Delta-1.Incertae_sedis.3;NS-Delta-1.Incertae_sedis.3_OTU2	0.999987694757289
Seq131	NS;NS-Gamma;NS-Gamma-2;NS-Gamma-2.3;NS-Gamma-2.3.2;NS-Gamma-2.3.2_OTU2	0.9999998607870947
Seq109	NS;NS-Delta;NS-Delta-2;NS-Delta-2.1;NS-Delta-2.1_OTU2	0.9999976310585261
Seq117	NS;NS-Gamma;NS-Gamma-2;NS-Gamma-2.3;NS-Gamma-2.3.2;NS-Gamma-2.3.2_OTU2	0.9999999988519335
Seq87	NS;NS-Gamma;NS-Gamma-2;NS-Gamma-2.3;NS-Gamma-2.3.2;NS-Gamma-2.3.2_OTU2	0.9999999750146461
Seq22	NS;NS-Beta;NS-Beta-1;NS-Beta-1_OTU9	0.9999992341866834
Seq125	NS;NS-Delta;NS-Delta-1;NS-Delta-1.1;NS-Delta-1.1.2;NS-Delta-1.1.2.1;NS-Delta-1.1.2.1_OTU13	0.9992313581926031
Seq95	NS;NS-Delta;NS-Delta-1;NS-Delta-1.Incertae_sedis.3;NS-Delta-1.Incertae_sedis.3_OTU2	0.9999933275208617
Seq30	NS;NS-Gamma;NS-Gamma-2;NS-Gamma-2.3;NS-Gamma-2.3.2;NS-Gamma-2.3.2_OTU2	0.9999999980652774
Seq133	NS;NS-Gamma;NS-Gamma-2;NS-Gamma-2.3;NS-Gamma-2.3.2;NS-Gamma-2.3.2_OTU2	0.9999999984919725
Seq103	NS;NS-Beta;NS-Beta-1;NS-Beta-1_OTU10	0.9999992964514407
Seq141	NS;NS-Gamma;NS-Gamma-2;NS-Gamma-2.3;NS-Gamma-2.3.2;NS-Gamma-2.3.2_OTU2	0.99999999530732
Seq139	NS;NS-Delta;NS-Delta-2;NS-Delta-2.1;NS-Delta-2.1_OTU2	0.999999472074731
Seq111	NS;NS-Beta;NS-Beta-1;NS-Beta-1_OTU10	0.9999977494416642
Seq147	NS;NS-Delta;NS-Delta-1;NS-Delta-1.1;NS-Delta-1.1.2;NS-Delta-1.1.2.1;NS-Delta-1.1.2.1_OTU13	0.9988201828444394
Seq180	NS;NS-Gamma;NS-Gamma-2;NS-Gamma-2.3;NS-Gamma-2.3_OTU2	1.0
Seq149	NS;NS-Delta;NS-Delta-2;NS-Delta-2.1;NS-Delta-2.1_OTU2	0.9999986739104525
Seq157	NS;NS-Gamma;NS-Gamma-2;NS-Gamma-2.3;NS-Gamma-2.3.2;NS-Gamma-2.3.2_OTU2	0.9999999999742499
Seq38	NS;NS-Delta;NS-Delta-2;NS-Delta-2.1;NS-Delta-2.1_OTU2	0.9999997936042107
Seq127	NS;NS-Beta;NS-Beta-2;NS-Beta-2_OTU1	0.9999999994214477
Seq135	NS;NS-Delta;NS-Delta-1;NS-Delta-1.2;NS-Delta-1.2.1;NS-Delta-1.2.1_OTU6	0.941910736355993
Seq155	NS;NS-Delta;NS-Delta-2;NS-Delta-2.1;NS-Delta-2.1_OTU2	0.9999997705244518
Seq143	NS;NS-Alpha;NS-Alpha-3;NS-Alpha-3.2;NS-Alpha-3.2.3;NS-Alpha-3.2.3.1;NS-Alpha-3.2.3.1.7	0.9989004310451928
Seq188	NS;NS-Delta;NS-Delta-2;NS-Delta-2.2;NS-Delta-2.2.1;NS-Delta-2.2.1_OTU4	0.9999999767041177
Seq54	NS;NS-Beta;NS-Beta-1;NS-Beta-1_OTU9	0.9999999959377135
Seq196	NT;NT-Alpha;NT-Alpha_OTU5	0.9999999164265637
Seq171	NS;NS-Beta;NS-Beta-1;NS-Beta-1_OTU9	0.9999999999393765
Seq165	NS;NS-Delta;NS-Delta-2;NS-Delta-2.2;NS-Delta-2.2.1;NS-Delta-2.2.1_OTU4	0.999997553593553
Seq62	NS;NS-Gamma;NS-Gamma-2;NS-Gamma-2.3;NS-Gamma-2.3.2;NS-Gamma-2.3.2_OTU2	0.9999999648048579
Seq204	NS;NS-Alpha;NS-Alpha-3;NS-Alpha-3.2;NS-Alpha-3.2.3;NS-Alpha-3.2.3.1;NS-Alpha-3.2.3.1.4;NS-Alpha-3.2.3.1.4_OTU3	0.9997799597754569
Seq159	NT;NT-Alpha;NT-Alpha-Incertae_sedis;NT-Alpha-Incertae_sedis_OTU2	0.9990225811081577
Seq173	NS;NS-Delta;NS-Delta-1;NS-Delta-1.Incertae_sedis.3;NS-Delta-1.Incertae_sedis.3_OTU2	0.9990337132832259
Seq179	NT;NT-Alpha;NT-Alpha-1;NT-Alpha-1.1;NT-Alpha-1.1.1;NT-Alpha-1.1.1.1;NT-Alpha-1.1.1.1.3;NT-Alpha-1.1.1.1.3.2;NT-Alpha-1.1.1.1.3.2.Incertae_sedis;NT-Alpha-1.1.1.1.3.2.Incertae_sedis_OTU1	0.999999565568354
Seq212	NS;NS-Beta;NS-Beta-1;NS-Beta-1_OTU6	0.999994448073814
Seq181	NS;NS-Gamma;NS-Gamma-2;NS-Gamma-2.3;NS-Gamma-2.3.2;NS-Gamma-2.3.2.2;NS-Gamma-2.3.2.2_OTU3	0.9999488260918793
Seq78	NS;NS-Gamma;NS-Gamma-2;NS-Gamma-2.3;NS-Gamma-2.3.2;NS-Gamma-2.3.2.3;NS-Gamma-2.3.2.3_OTU3	0.9999465739334411
Seq175	NS;NS-Beta;NS-Beta-1;NS-Beta-1_OTU10	0.9999994833397265
Seq187	NS;NS-Beta;NS-Beta-1;NS-Beta-1_OTU10	0.9999988219003745
Seq228	NS;NS-Alpha;NS-Alpha-3;NS-Alpha-3.2;NS-Alpha-3.2.3;NS-Alpha-3.2.3.1;NS-Alpha-3.2.3.1.4;NS-Alpha-3.2.3.1.4_OTU3	0.9999658113038207
Seq86	NS;NS-Gamma;NS-Gamma-2;NS-Gamma-2.3;NS-Gamma-2.3.2;NS-Gamma-2.3.2.2;NS-Gamma-2.3.2.2_OTU3	0.999941752294376
Seq183	NS;NS-Gamma;NS-Gamma-2;NS-Gamma-2.3;NS-Gamma-2.3.2;NS-Gamma-2.3.2.2;NS-Gamma-2.3.2.2_OTU3	0.9998171228145041
Seq236	NS;NS-Delta;NS-Delta-1;NS-Delta-1.Incertae_sedis.3;NS-Delta-1.Incertae_sedis.3_OTU2	0.9999810858234529
Seq191	NS;NS-Delta;NS-Delta-1;NS-Delta-1.2;NS-Delta-1.2.1;NS-Delta-1.2.1_OTU5	0.9874334097902105
Seq94	NS;NS-Delta;NS-Delta-1;NS-Delta-1.Incertae_sedis.3;NS-Delta-1.Incertae_sedis.3_OTU2	0.9999678087286493
Seq195	NS;NS-Beta;NS-Beta-1;NS-Beta-1_OTU10	0.9999996699772259
Seq244	NS;NS-Alpha;NS-Alpha-3;NS-Alpha-3.2;NS-Alpha-3.2.3;NS-Alpha-3.2.3.1;NS-Alpha-3.2.3.1.1;NS-Alpha-3.2.3.1.1_OTU9	0.9985352790839588
Seq199	NS;NS-Gamma;NS-Gamma-2;NS-Gamma-2.3;NS-Gamma-2.3.2;NS-Gamma-2.3.2_OTU2	0.9999999864601251
Seq203	NS;NS-Delta;NS-Delta-1;NS-Delta-1.Incertae_sedis.3;NS-Delta-1.Incertae_sedis.3_OTU2	0.99910831809706
Seq102	NS;NS-Delta;NS-Delta-1;NS-Delta-1.1;NS-Delta-1.1.3;NS-Delta-1.1.3_OTU2	0.9999996672647725
Seq207	NT;NT-Alpha;NT-Alpha-Incertae_sedis;NT-Alpha-Incertae_sedis_OTU2	0.9984045331855905
Seq211	NS;NS-Gamma;NS-Gamma-2;NS-Gamma-2.3;NS-Gamma-2.3.2;NS-Gamma-2.3.2.3;NS-Gamma-2.3.2.3_OTU3	0.9999686579394791
Seq189	NS;NS-Delta;NS-Delta-2;NS-Delta-2.1;NS-Delta-2.1_OTU2	0.9999995920414884
Seq197	NS;NS-Beta;NS-Beta-1;NS-Beta-1_OTU10	0.999999912568857
Seq110	NT;NT-Alpha;NT-Alpha-1;NT-Alpha-1.1;NT-Alpha-1.1.1;NT-Alpha-1.1.1.1;NT-Alpha-1.1.1.1.3;NT-Alpha-1.1.1.1.3.2;NT-Alpha-1.1.1.1.3.2.Incertae_sedis;NT-Alpha-1.1.1.1.3.2.Incertae_sedis_OTU1	0.9999909373500453
Seq215	NS;NS-Beta;NS-Beta-1;NS-Beta-1_OTU10	0.9999954346187868
Seq213	NS;NS-Gamma;NS-Gamma-2;NS-Gamma-2.3;NS-Gamma-2.3.2;NS-Gamma-2.3.2.2;NS-Gamma-2.3.2.2_OTU8	0.9999999994884377
Seq223	NS;NS-Delta;NS-Delta-1;NS-Delta-1.1;NS-Delta-1.1.2;NS-Delta-1.1.2.1;NS-Delta-1.1.2.1_OTU13	0.9988490868059722
Seq219	NS;NS-Delta;NS-Delta-2;NS-Delta-2.1;NS-Delta-2.1_OTU2	0.9999997403487324
Seq8	NT;NT-Alpha;NT-Alpha-1;NT-Alpha-1.1;NT-Alpha-1.1.1;NT-Alpha-1.1.1.1;NT-Alpha-1.1.1.1.3;NT-Alpha-1.1.1.1.3.2;NT-Alpha-1.1.1.1.3.2.Incertae_sedis;NT-Alpha-1.1.1.1.3.2.Incertae_sedis_OTU1	0.9999278254876153
Seq229	NS;NS-Beta;NS-Beta-1;NS-Beta-1_OTU10	0.9999997897574752
Seq252	NS;NS-Delta;NS-Delta-2;NS-Delta-2.2;NS-Delta-2.2.1;NS-Delta-2.2.1_OTU4	0.9999999416015742
Seq260	NS;NS-Delta;NS-Delta-2;NS-Delta-2.2;NS-Delta-2.2.1;NS-Delta-2.2.1_OTU2	0.9999997220427974
Seq227	NT;NT-Alpha;NT-Alpha-1;NT-Alpha-1.1;NT-Alpha-1.1.1;NT-Alpha-1.1.1.2;NT-Alpha-1.1.1.2_OTU3	0.999371542211749
Seq245	NS;NS-Alpha;NS-Alpha-3;NS-Alpha-3.2;NS-Alpha-3.2.3;NS-Alpha-3.2.3.1;NS-Alpha-3.2.3.1.4;NS-Alpha-3.2.3.1.4_OTU3	0.9019096681747706
Seq268	NS;NS-Alpha;NS-Alpha-3;NS-Alpha-3.2;NS-Alpha-3.2.3;NS-Alpha-3.2.3.1;NS-Alpha-3.2.3.1.4;NS-Alpha-3.2.3.1.4_OTU3	0.9973779090211912
Seq235	NS;NS-Delta;NS-Delta-1;NS-Delta-1.Incertae_sedis.3;NS-Delta-1.Incertae_sedis.3_OTU2	0.9999936284102431
Seq231	NS;NS-Delta;NS-Delta-2;NS-Delta-2.1;NS-Delta-2.1_OTU2	0.9999892857837409
Seq276	NS;NS-Alpha;NS-Alpha-3;NS-Alpha-3.2;NS-Alpha-3.2.3;NS-Alpha-3.2.3.1;NS-Alpha-3.2.3.1.4;NS-Alpha-3.2.3.1.4_OTU3	0.9994914259743825
Seq243	NT;NT-Alpha;NT-Alpha-1;NT-Alpha-1.1;NT-Alpha-1.1.1;NT-Alpha-1.1.1.2;NT-Alpha-1.1.1.2_OTU3	0.9999617911161583
Seq239	NT;NT-Alpha;NT-Alpha-1;NT-Alpha-1.1;NT-Alpha-1.1.1;NT-Alpha-1.1.1.1;NT-Alpha-1.1.1.1.3;NT-Alpha-1.1.1.1.3.2;NT-Alpha-1.1.1.1.3.2.Incertae_sedis;NT-Alpha-1.1.1.1.3.2.Incertae_sedis_OTU1	0.9999153705470827
Seq284	NS;NS-Beta;NS-Beta-2;NS-Beta-2_OTU1	0.9999998867196276
Seq16	NS;NS-Delta;NS-Delta-2;NS-Delta-2.1;NS-Delta-2.1_OTU2	0.9999999071305624
Seq247	NS;NS-Alpha;NS-Alpha-3;NS-Alpha-3.2;NS-Alpha-3.2.1;NS-Alpha-3.2.1.1;NS-Alpha-3.2.1.1.1;NS-Alpha-3.2.1.1.1.2;NS-Alpha-3.2.1.1.1.2_OTU2	0.9999999529728154
Seq251	NS;NS-Beta;NS-Beta-1;NS-Beta-1_OTU10	0.9999995585570056
Seq292	NS;NS-Delta;NS-Delta-1;NS-Delta-1.Incertae_sedis.3;NS-Delta-1.Incertae_sedis.3_OTU2	0.99880968566068
Seq255	NS;NS-Delta;NS-Delta-1;NS-Delta-1.Incertae_sedis.3;NS-Delta-1.Incertae_sedis.3_OTU2	0.9999838805699748
Seq300	NT;NT-Alpha;NT-Alpha-Incertae_sedis;NT-Alpha-Incertae_sedis_OTU2	0.9995645820871799
Seq24	NS;NS-Beta;NS-Beta-2;NS-Beta-2_OTU1	0.9999999888632659
Seq263	NS;NS-Alpha;NS-Alpha-3;NS-Alpha-3.2;NS-Alpha-3.2.3;NS-Alpha-3.2.3.1;NS-Alpha-3.2.3.1.4;NS-Alpha-3.2.3.1.4_OTU3	0.9997522831431213
Seq267	NT;NT-Alpha;NT-Alpha-Incertae_sedis;NT-Alpha-Incertae_sedis_OTU2	0.9997042653295787
Seq32	NT;NT-Alpha;NT-Alpha-Incertae_sedis;NT-Alpha-Incertae_sedis_OTU2	0.995449117840772
Seq253	NS;NS-Delta;NS-Delta-2;NS-Delta-2.2;NS-Delta-2.2.1;NS-Delta-2.2.1_OTU4	0.9999999729513721
Seq261	NS;NS-Delta;NS-Delta-1;NS-Delta-1.Incertae_sedis.3;NS-Delta-1.Incertae_sedis.3_OTU2	0.999993363518735
Seq48	NS;NS-Gamma;NS-Gamma-2;NS-Gamma-2.3;NS-Gamma-2.3.2;NS-Gamma-2.3.2.2;NS-Gamma-2.3.2.2_OTU3	0.9999935000861698
Seq283	NS;NS-Delta;NS-Delta-1;NS-Delta-1.Incertae_sedis.3;NS-Delta-1.Incertae_sedis.3_OTU2	0.99953596032939
Seq269	NS;NS-Delta;NS-Delta-2;NS-Delta-2.2;NS-Delta-2.2.1;NS-Delta-2.2.1_OTU5	0.999999999999801
Seq308	NS;NS-Delta;NS-Delta-2;NS-Delta-2.1;NS-Delta-2.1_OTU2	0.999997442991799
Seq271	NS;NS-Delta;NS-Delta-2;NS-Delta-2.1;NS-Delta-2.1_OTU2	0.9999997892765515
Seq277	NT;NT-Alpha;NT-Alpha-1;NT-Alpha-1.2;NT-Alpha-1.2.1;NT-Alpha-1.2.1_OTU4	0.9999993896357624
Seq279	NS;NS-Delta;NS-Delta-1;NS-Delta-1.Incertae_sedis.3;NS-Delta-1.Incertae_sedis.3_OTU2	0.9999702492856455
Seq285	NS;NS-Gamma;NS-Gamma-2;NS-Gamma-2.3;NS-Gamma-2.3.2;NS-Gamma-2.3.2.3;NS-Gamma-2.3.2.3_OTU3	0.9999979145955395
Seq287	NT;NT-Alpha;NT-Alpha-1;NT-Alpha-1.1;NT-Alpha-1.1.1;NT-Alpha-1.1.1.2;NT-Alpha-1.1.1.2_OTU3	0.9999405728016451
Seq291	NS;NS-Delta;NS-Delta-2;NS-Delta-2.1;NS-Delta-2.1_OTU2	0.9999997663616955
Seq293	NS;NS-Alpha;NS-Alpha-3;NS-Alpha-3.2;NS-Alpha-3.2.3;NS-Alpha-3.2.3.1;NS-Alpha-3.2.3.1_OTU2	0.9995510893981954
Seq295	NT;NT-Alpha;NT-Alpha_OTU8	0.9999999450087971
Seq301	NS;NS-Gamma;NS-Gamma-2;NS-Gamma-2.3;NS-Gamma-2.3.2;NS-Gamma-2.3.2_OTU2	0.9999999985786587
Seq299	NS;NS-Alpha;NS-Alpha-3;NS-Alpha-3.2;NS-Alpha-3.2.3;NS-Alpha-3.2.3.1;NS-Alpha-3.2.3.1.7;NS-Alpha-3.2.3.1.7_OTU1	0.9999987183353454
Seq303	NS;NS-Beta;NS-Beta-1;NS-Beta-1_OTU10	0.999999108874305
Seq56	NS;NS-Delta;NS-Delta-2;NS-Delta-2.2;NS-Delta-2.2.1;NS-Delta-2.2.1_OTU4	0.9999973384018297
Seq309	NS;NS-Gamma;NS-Gamma-2;NS-Gamma-2.1;NS-Gamma-2.1.2;NS-Gamma-2.1.2.2;NS-Gamma-2.1.2.2_OTU3	0.9999894647076989
Seq307	NS;NS-Alpha;NS-Alpha-3;NS-Alpha-3.2;NS-Alpha-3.2.3;NS-Alpha-3.2.3.1;NS-Alpha-3.2.3.1.4;NS-Alpha-3.2.3.1.4_OTU3	0.9999417611968726
Seq311	NS;NS-Alpha;NS-Alpha-3;NS-Alpha-3.2;NS-Alpha-3.2.3;NS-Alpha-3.2.3.1;NS-Alpha-3.2.3.1.4;NS-Alpha-3.2.3.1.4_OTU3	0.9836648775548241
Seq317	NS;NS-Beta;NS-Beta-1;NS-Beta-1_OTU12	1.0
Seq316	NS;NS-Delta;NS-Delta-2;NS-Delta-2.2;NS-Delta-2.2.1;NS-Delta-2.2.1_OTU4	0.9999783186519514
Seq64	NT;NT-Alpha;NT-Alpha-1;NT-Alpha-1.1;NT-Alpha-1.1.1;NT-Alpha-1.1.1.1;NT-Alpha-1.1.1.1.3;NT-Alpha-1.1.1.1.3.2;NT-Alpha-1.1.1.1.3.2.Incertae_sedis;NT-Alpha-1.1.1.1.3.2.Incertae_sedis_OTU1	0.9988241600348496
Seq315	NS;NS-Alpha;NS-Alpha-3;NS-Alpha-3.2;NS-Alpha-3.2.3;NS-Alpha-3.2.3.1;NS-Alpha-3.2.3.1.4;NS-Alpha-3.2.3.1.4_OTU3	0.9999983540055741
Seq319	NT;NT-Alpha;NT-Alpha-1;NT-Alpha-1.1;NT-Alpha-1.1.1;NT-Alpha-1.1.1.1;NT-Alpha-1.1.1.1.Incertae_sedis;NT-Alpha-1.1.1.1.Incertae_sedis_OTU1	0.9999815484777765
Seq325	NS;NS-Gamma;NS-Gamma-2;NS-Gamma-2.3;NS-Gamma-2.3.2;NS-Gamma-2.3.2_OTU2	0.9999999612305154
Seq327	NS;NS-Delta;NS-Delta-2;NS-Delta-2.2;NS-Delta-2.2.1;NS-Delta-2.2.1_OTU5	0.9999999999999147
Seq323	NT;NT-Alpha;NT-Alpha-1;NT-Alpha-1.1;NT-Alpha-1.1.1;NT-Alpha-1.1.1.1;NT-Alpha-1.1.1.1.3;NT-Alpha-1.1.1.1.3.2;NT-Alpha-1.1.1.1.3.2.Incertae_sedis;NT-Alpha-1.1.1.1.3.2.Incertae_sedis_OTU1	0.9999793081425778
Seq333	NS;NS-Delta;NS-Delta-1;NS-Delta-1.Incertae_sedis.3;NS-Delta-1.Incertae_sedis.3_OTU2	0.9999881682509725
Seq72	NT;NT-Alpha;NT-Alpha-1;NT-Alpha-1.1;NT-Alpha-1.1.1;NT-Alpha-1.1.1.2;NT-Alpha-1.1.1.2_OTU3	0.9999517734893333
Seq335	NS;NS-Delta;NS-Delta-1;NS-Delta-1.Incertae_sedis.3;NS-Delta-1.Incertae_sedis.3_OTU2	0.9999974632568241
Seq343	NS;NS-Delta;NS-Delta-1;NS-Delta-1.Incertae_sedis.3;NS-Delta-1.Incertae_sedis.3_OTU2	0.9999911721423014
Seq349	NS;NS-Gamma;NS-Gamma-2;NS-Gamma-2.3;NS-Gamma-2.3.2;NS-Gamma-2.3.2_OTU2	0.9999999970689828
Seq351	NS;NS-Alpha;NS-Alpha-3;NS-Alpha-3.2;NS-Alpha-3.2.3;NS-Alpha-3.2.3.1;NS-Alpha-3.2.3.1.7;NS-Alpha-3.2.3.1.7_OTU6	0.9999154426599896
Seq357	NS;NS-Delta;NS-Delta-1;NS-Delta-1.1;NS-Delta-1.1.2;NS-Delta-1.1.2.1;NS-Delta-1.1.2.1_OTU13	0.9993567611320388
Seq332	NS;NS-Delta;NS-Delta-2;NS-Delta-2.1;NS-Delta-2.1_OTU2	0.9999992228354309
Seq340	NS;NS-Gamma;NS-Gamma-2;NS-Gamma-2.3;NS-Gamma-2.3.2;NS-Gamma-2.3.2_OTU2	0.999999985107536
Seq365	NT;NT-Alpha;NT-Alpha-Incertae_sedis;NT-Alpha-Incertae_sedis_OTU2	0.9999191120753992
Seq348	NS;NS-Delta;NS-Delta-1;NS-Delta-1.Incertae_sedis.3;NS-Delta-1.Incertae_sedis.3_OTU2	0.9999952357992271
Seq331	NS;NS-Delta;NS-Delta-2;NS-Delta-2.1;NS-Delta-2.1_OTU2	0.9999998402940221
Seq356	NS;NS-Beta;NS-Beta-1;NS-Beta-1_OTU12	1.0
Seq364	NS;NS-Delta;NS-Delta-1;NS-Delta-1.1;NS-Delta-1.1.2;NS-Delta-1.1.2.1;NS-Delta-1.1.2.1_OTU13	0.9994602171733606
Seq347	NS;NS-Gamma;NS-Gamma-2;NS-Gamma-2.3;NS-Gamma-2.3.2;NS-Gamma-2.3.2.2;NS-Gamma-2.3.2.2_OTU3	0.9997897028834859
Seq359	NS;NS-Delta;NS-Delta-2;NS-Delta-2.1;NS-Delta-2.1_OTU2	0.9999994222268035
Seq74	NS;NS-Delta;NS-Delta-2;NS-Delta-2.1;NS-Delta-2.1_OTU2	0.9999989005806715
Seq367	NS;NS-Gamma;NS-Gamma-2;NS-Gamma-2.3;NS-Gamma-2.3.2;NS-Gamma-2.3.2.3;NS-Gamma-2.3.2.3_OTU3	0.9999424367440339
Seq372	NS;NS-Delta;NS-Delta-1;NS-Delta-1.1;NS-Delta-1.1.2;NS-Delta-1.1.2.1;NS-Delta-1.1.2.1_OTU13	0.999076777892144
Seq381	NT;NT-Alpha;NT-Alpha-1;NT-Alpha-1.2;NT-Alpha-1.2.1;NT-Alpha-1.2.1_OTU4	0.9999997570373591
Seq355	NT;NT-Alpha;NT-Alpha-Incertae_sedis;NT-Alpha-Incertae_sedis_OTU2	0.9998960409406403
Seq375	NS;NS-Delta;NS-Delta-1;NS-Delta-1.Incertae_sedis.3;NS-Delta-1.Incertae_sedis.3_OTU2	0.9999769819064869
Seq363	NT;NT-Alpha;NT-Alpha-1;NT-Alpha-1.1;NT-Alpha-1.1.1;NT-Alpha-1.1.1.1;NT-Alpha-1.1.1.1.3;NT-Alpha-1.1.1.1.3.2;NT-Alpha-1.1.1.1.3.2.Incertae_sedis;NT-Alpha-1.1.1.1.3.2.Incertae_sedis_OTU1	0.9964521343162831
Seq380	NS;NS-Gamma;NS-Gamma-2;NS-Gamma-2.3;NS-Gamma-2.3.2;NS-Gamma-2.3.2_OTU2	0.9999982507801755
Seq383	NS;NS-Gamma;NS-Gamma-2;NS-Gamma-2.1;NS-Gamma-2.1.2;NS-Gamma-2.1.2.2;NS-Gamma-2.1.2.2_OTU3	0.9999995738073493
Seq391	NS;NS-Beta;NS-Beta-1;NS-Beta-1_OTU7	0.999952962894376
Seq90	NT;NT-Alpha;NT-Alpha-1;NT-Alpha-1.1;NT-Alpha-1.1.1;NT-Alpha-1.1.1.1;NT-Alpha-1.1.1.1.3;NT-Alpha-1.1.1.1.3.2;NT-Alpha-1.1.1.1.3.2.Incertae_sedis;NT-Alpha-1.1.1.1.3.2.Incertae_sedis_OTU1	0.999997167388675
Seq399	NS;NS-Alpha;NS-Alpha-3;NS-Alpha-3.2;NS-Alpha-3.2.3;NS-Alpha-3.2.3.1;NS-Alpha-3.2.3.1.3;NS-Alpha-3.2.3.1.3_OTU1	0.9997988828447176
Seq371	NS;NS-Delta;NS-Delta-2;NS-Delta-2.1;NS-Delta-2.1_OTU2	0.9999809843573451
Seq415	NT;NT-Alpha;NT-Alpha_OTU5	0.9999999601831185
Seq388	NS;NS-Delta;NS-Delta-2;NS-Delta-2.1;NS-Delta-2.1_OTU2	0.9999996740640673
Seq379	NT;NT-Alpha;NT-Alpha-1;NT-Alpha-1.1;NT-Alpha-1.1.1;NT-Alpha-1.1.1.1;NT-Alpha-1.1.1.1.3;NT-Alpha-1.1.1.1.3_OTU1	0.9999976759904716
Seq389	NS;NS-Delta;NS-Delta-2;NS-Delta-2.2;NS-Delta-2.2.1;NS-Delta-2.2.1_OTU4	0.9999917942089263
Seq98	NS;NS-Delta;NS-Delta-2;NS-Delta-2.1;NS-Delta-2.1_OTU2	0.9999997330350326
Seq423	NS;NS-Delta;NS-Delta-1;NS-Delta-1.1;NS-Delta-1.1.2;NS-Delta-1.1.2.1;NS-Delta-1.1.2.1_OTU13	0.7510659102074255
Seq396	NT;NT-Alpha;NT-Alpha-1;NT-Alpha-1.1;NT-Alpha-1.1.1;NT-Alpha-1.1.1.1;NT-Alpha-1.1.1.1.3;NT-Alpha-1.1.1.1.3.2;NT-Alpha-1.1.1.1.3.2.Incertae_sedis;NT-Alpha-1.1.1.1.3.2.Incertae_sedis_OTU1	0.9991183316558583
Seq397	NT;NT-Alpha;NT-Alpha-Incertae_sedis;NT-Alpha-Incertae_sedis_OTU2	0.9978006792631611
Seq387	NS;NS-Gamma;NS-Gamma-2;NS-Gamma-2.3;NS-Gamma-2.3.2;NS-Gamma-2.3.2.2;NS-Gamma-2.3.2.2_OTU8	0.9999999998506155
Seq404	NS;NS-Beta;NS-Beta-1;NS-Beta-1_OTU10	0.9999993380646602
Seq118	NT;NT-Alpha;NT-Alpha-1;NT-Alpha-1.1;NT-Alpha-1.1.1;NT-Alpha-1.1.1.1;NT-Alpha-1.1.1.1.3;NT-Alpha-1.1.1.1.3.2;NT-Alpha-1.1.1.1.3.2.Incertae_sedis;NT-Alpha-1.1.1.1.3.2.Incertae_sedis_OTU1	0.9997479943527591
Seq405	NT;NT-Alpha;NT-Alpha-1;NT-Alpha-1.1;NT-Alpha-1.1.1;NT-Alpha-1.1.1.1;NT-Alpha-1.1.1.1.2;NT-Alpha-1.1.1.1.2_OTU4	0.9999993945850875
Seq395	NS;NS-Gamma;NS-Gamma-2;NS-Gamma-2.3;NS-Gamma-2.3.2;NS-Gamma-2.3.2_OTU2	0.9999973985159744
Seq412	NS;NS-Gamma;NS-Gamma-2;NS-Gamma-2.3;NS-Gamma-2.3.2;NS-Gamma-2.3.2_OTU2	0.9999999992475352
Seq126	NT;NT-Alpha;NT-Alpha-Incertae_sedis;NT-Alpha-Incertae_sedis_OTU2	0.994252801037991
Seq413	NS;NS-Gamma;NS-Gamma-2;NS-Gamma-2.3;NS-Gamma-2.3.2;NS-Gamma-2.3.2.2;NS-Gamma-2.3.2.2_OTU3	0.9999510189211265
Seq420	NS;NS-Gamma;NS-Gamma-2;NS-Gamma-2.3;NS-Gamma-2.3.2;NS-Gamma-2.3.2.3;NS-Gamma-2.3.2.3_OTU3	0.9999970907904552
Seq134	NS;NS-Alpha;NS-Alpha-3;NS-Alpha-3.2;NS-Alpha-3.2.3;NS-Alpha-3.2.3.1;NS-Alpha-3.2.3.1.4;NS-Alpha-3.2.3.1.4_OTU3	0.9999667396878282
Seq428	NT;NT-Alpha;NT-Alpha-1;NT-Alpha-1.1;NT-Alpha-1.1.1;NT-Alpha-1.1.1.1	0.9806981057581177
Seq431	Unassigned	0.771281679167481
Seq403	NS;NS-Beta;NS-Beta-1;NS-Beta-1_OTU9	0.9999997305323881
Seq436	NS;NS-Delta;NS-Delta-1;NS-Delta-1.1;NS-Delta-1.1.2;NS-Delta-1.1.2.1;NS-Delta-1.1.2.1_OTU1	0.9165906821367263
Seq106	NS;NS-Delta;NS-Delta-2;NS-Delta-2.1;NS-Delta-2.1_OTU2	0.9999978551521147
Seq439	NS;NS-Beta;NS-Beta-1;NS-Beta-1_OTU10	0.9999995107839996
Seq419	NS;NS-Alpha;NS-Alpha-3;NS-Alpha-3.2;NS-Alpha-3.2.3;NS-Alpha-3.2.3.1;NS-Alpha-3.2.3.1.4;NS-Alpha-3.2.3.1.4.2;NS-Alpha-3.2.3.1.4.2_OTU3	0.9997697634734907
Seq80	NS;NS-Delta;NS-Delta-2;NS-Delta-2.1;NS-Delta-2.1_OTU2	0.9999994426976987
Seq421	NS;NS_OTU1	1.0
Seq122	NT;NT-Alpha;NT-Alpha-Incertae_sedis;NT-Alpha-Incertae_sedis_OTU2	0.9958627634124572
Seq429	NS;NS-Beta;NS-Beta-1;NS-Beta-1_OTU6	0.9999942608232418
Seq96	NS;NS-Delta;NS-Delta-1;NS-Delta-1.1;NS-Delta-1.1.2;NS-Delta-1.1.2.1;NS-Delta-1.1.2.1_OTU13	0.9991033645993816
Seq142	NS;NS-Delta;NS-Delta-2;NS-Delta-2.2;NS-Delta-2.2.1;NS-Delta-2.2.1_OTU4	0.9999601629067864
Seq104	NT;NT-Alpha;NT-Alpha-Incertae_sedis;NT-Alpha-Incertae_sedis_OTU2	0.9967630010519615
Seq437	NS;NS-Delta;NS-Delta-1;NS-Delta-1.1;NS-Delta-1.1.2;NS-Delta-1.1.2.1	0.9994067333585477
Seq150	NS;NS-Beta;NS-Beta-1;NS-Beta-1_OTU9	0.9999999999256772
Seq130	NS;NS-Delta;NS-Delta-2;NS-Delta-2.1;NS-Delta-2.1_OTU2	0.9999996078954241
Seq427	NS	0.739318589561433
Seq138	NS;NS-Delta;NS-Delta-1;NS-Delta-1.Incertae_sedis.3;NS-Delta-1.Incertae_sedis.3_OTU2	0.9999797451477107
Seq158	NS;NS-Beta;NS-Beta-1;NS-Beta-1_OTU10	0.9999988624363927
Seq445	NS	0.7017181807053182
Seq444	Unassigned	0.3059614471599643
Seq435	NS;NS-Delta;NS-Delta-1;NS-Delta-1.1;NS-Delta-1.1.2;NS-Delta-1.1.2.1;NS-Delta-1.1.2.1_OTU1	0.8586713619031094
Seq166	NS;NS-Delta;NS-Delta-1;NS-Delta-1.Incertae_sedis.3;NS-Delta-1.Incertae_sedis.3_OTU2	0.9999756172812801
Seq112	NS;NS-Delta;NS-Delta-2;NS-Delta-2.1;NS-Delta-2.1_OTU2	0.9999958580277966
Seq443	NT;NT-Alpha;NT-Alpha-1;NT-Alpha-1.1;NT-Alpha-1.1.1;NT-Alpha-1.1.1.1;NT-Alpha-1.1.1.1.2;NT-Alpha-1.1.1.1.2_OTU4	0.9997584010487872
Seq120	NS;NS-Gamma;NS-Gamma-2;NS-Gamma-2.3;NS-Gamma-2.3.2;NS-Gamma-2.3.2_OTU2	0.9999999927635201
Seq182	NS;NS-Delta;NS-Delta-2;NS-Delta-2.2;NS-Delta-2.2.1;NS-Delta-2.2.1_OTU5	0.9999999999966462
Seq162	NT;NT-Alpha;NT-Alpha-Incertae_sedis;NT-Alpha-Incertae_sedis_OTU2	0.9938203362085216
Seq170	NS;NS-Gamma;NS-Gamma-2;NS-Gamma-2.3;NS-Gamma-2.3.2;NS-Gamma-2.3.2_OTU2	0.9999999999292584
Seq136	NS;NS-Delta;NS-Delta-1;NS-Delta-1.Incertae_sedis.3;NS-Delta-1.Incertae_sedis.3_OTU2	0.9999940456404978
Seq144	NS;NS-Delta;NS-Delta-1;NS-Delta-1.Incertae_sedis.3;NS-Delta-1.Incertae_sedis.3_OTU2	0.9999936757044063
Seq160	NS;NS-Alpha;NS-Alpha-3;NS-Alpha-3.2;NS-Alpha-3.2.3;NS-Alpha-3.2.3.1;NS-Alpha-3.2.3.1.7;NS-Alpha-3.2.3.1.7_OTU1	0.9999991371101117
Seq198	NS;NS-Gamma;NS-Gamma-2;NS-Gamma-2.2;NS-Gamma-2.2.3;NS-Gamma-2.2.3_OTU3	0.9999999996225881
Seq206	NS;NS-Gamma;NS-Gamma-2;NS-Gamma-2.3;NS-Gamma-2.3.2;NS-Gamma-2.3.2_OTU2	0.9999999963721962
Seq168	NS;NS-Beta;NS-Beta-1;NS-Beta-1_OTU10	0.9999988476437909
Seq178	NS;NS_OTU1	1.0
Seq176	NS;NS-Alpha;NS-Alpha-3;NS-Alpha-3.2;NS-Alpha-3.2.3;NS-Alpha-3.2.3.1;NS-Alpha-3.2.3.1.4;NS-Alpha-3.2.3.1.4_OTU3	0.9998612821022925
Seq184	NS;NS-Gamma;NS-Gamma-2;NS-Gamma-2.3;NS-Gamma-2.3.2;NS-Gamma-2.3.2.2;NS-Gamma-2.3.2.2_OTU3	0.9999954439056802
Seq192	NS;NS-Gamma;NS-Gamma-2;NS-Gamma-2.3;NS-Gamma-2.3.2;NS-Gamma-2.3.2_OTU2	0.9999999919492666
Seq202	NT;NT-Alpha;NT-Alpha-1;NT-Alpha-1.1;NT-Alpha-1.1.1;NT-Alpha-1.1.1.2;NT-Alpha-1.1.1.2_OTU3	0.999881888668806
Seq214	NS;NS-Delta;NS-Delta-2;NS-Delta-2.1;NS-Delta-2.1_OTU2	0.9999997077724317
Seq200	NT;NT-Alpha;NT-Alpha-Incertae_sedis;NT-Alpha-Incertae_sedis_OTU2	0.9998996221048582
Seq216	NS;NS-Delta;NS-Delta-1;NS-Delta-1_OTU8	0.9903399262091117
Seq222	NS;NS-Beta;NS-Beta-1;NS-Beta-1_OTU9	0.999998668833944
Seq210	NS;NS-Gamma;NS-Gamma-2;NS-Gamma-2.3;NS-Gamma-2.3_OTU2	1.0
Seq230	NT;NT-Alpha;NT-Alpha-1;NT-Alpha-1.1;NT-Alpha-1.1.1;NT-Alpha-1.1.1.1;NT-Alpha-1.1.1.1.3;NT-Alpha-1.1.1.1.3.2;NT-Alpha-1.1.1.1.3.2.Incertae_sedis;NT-Alpha-1.1.1.1.3.2.Incertae_sedis_OTU1	0.9999864573185423
Seq238	NS;NS-Delta;NS-Delta-1;NS-Delta-1.Incertae_sedis.3;NS-Delta-1.Incertae_sedis.3_OTU2	0.9983181929840197
Seq240	NS;NS-Delta;NS-Delta-2;NS-Delta-2.1;NS-Delta-2.1_OTU2	0.9999996346339045
Seq218	NS;NS-Delta;NS-Delta-2;NS-Delta-2.1;NS-Delta-2.1_OTU2	0.9999996946729266
Seq248	NS;NS-Delta;NS-Delta-1;NS-Delta-1.1;NS-Delta-1.1.2;NS-Delta-1.1.2.1;NS-Delta-1.1.2.1_OTU13	0.9997455018773802
Seq226	NT;NT-Alpha;NT-Alpha-Incertae_sedis;NT-Alpha-Incertae_sedis_OTU2	0.9999410935406494
Seq256	NT;NT-Alpha;NT-Alpha-1;NT-Alpha-1.1;NT-Alpha-1.1.1;NT-Alpha-1.1.1.1;NT-Alpha-1.1.1.1.3;NT-Alpha-1.1.1.1.3.2;NT-Alpha-1.1.1.1.3.2.Incertae_sedis;NT-Alpha-1.1.1.1.3.2.Incertae_sedis_OTU1	0.9997541149963641
Seq246	NS;NS-Gamma;NS-Gamma-2;NS-Gamma-2.3;NS-Gamma-2.3_OTU2	1.0
Seq234	NS;NS-Alpha;NS-Alpha-3;NS-Alpha-3.2;NS-Alpha-3.2.3;NS-Alpha-3.2.3.1	0.9999787655891132
Seq264	NT;NT-Alpha;NT-Alpha-1;NT-Alpha-1.1;NT-Alpha-1.1.1;NT-Alpha-1.1.1.1;NT-Alpha-1.1.1.1.3;NT-Alpha-1.1.1.1.3.2;NT-Alpha-1.1.1.1.3.2.Incertae_sedis;NT-Alpha-1.1.1.1.3.2.Incertae_sedis_OTU1	0.9998872198264139
Seq272	NS;NS-Gamma;NS-Gamma-2;NS-Gamma-2.3;NS-Gamma-2.3.2;NS-Gamma-2.3.2_OTU2	0.9999999782737918
Seq262	NT;NT-Alpha;NT-Alpha-1;NT-Alpha-1.1;NT-Alpha-1.1.1;NT-Alpha-1.1.1.1;NT-Alpha-1.1.1.1.3;NT-Alpha-1.1.1.1.3.2;NT-Alpha-1.1.1.1.3.2.Incertae_sedis;NT-Alpha-1.1.1.1.3.2.Incertae_sedis_OTU1	0.9998767945482993
Seq280	NT;NT-Alpha;NT-Alpha-Incertae_sedis;NT-Alpha-Incertae_sedis_OTU2	0.875970184493587
Seq242	NS;NS-Beta;NS-Beta-2;NS-Beta-2_OTU1	0.9999999986758041
Seq270	NS;NS-Delta;NS-Delta-1;NS-Delta-1.Incertae_sedis.3;NS-Delta-1.Incertae_sedis.3_OTU2	0.9998662754955148
Seq278	NS;NS-Gamma;NS-Gamma-2;NS-Gamma-2.3;NS-Gamma-2.3.2;NS-Gamma-2.3.2.3;NS-Gamma-2.3.2.3_OTU3	0.9999969507517952
Seq250	NT;NT-Alpha;NT-Alpha-1;NT-Alpha-1.1;NT-Alpha-1.1.2;NT-Alpha-1.1.2.2;NT-Alpha-1.1.2.2_OTU5	0.9999995492802206
Seq304	NS;NS-Delta;NS-Delta-1;NS-Delta-1.Incertae_sedis.3;NS-Delta-1.Incertae_sedis.3_OTU2	0.9999892848859371
Seq258	NS;NS-Alpha;NS-Alpha-3;NS-Alpha-3.2;NS-Alpha-3.2.3;NS-Alpha-3.2.3.1;NS-Alpha-3.2.3.1.2;NS-Alpha-3.2.3.1.2_OTU4	0.90497860108878
Seq312	NS;NS-Delta;NS-Delta-1;NS-Delta-1.Incertae_sedis.3;NS-Delta-1.Incertae_sedis.3_OTU2	0.9974779283103452
Seq266	NS;NS-Delta;NS-Delta-2;NS-Delta-2.1;NS-Delta-2.1_OTU2	0.9999997969416008
Seq302	NS;NS-Gamma;NS-Gamma-2;NS-Gamma-2.3;NS-Gamma-2.3.2;NS-Gamma-2.3.2_OTU2	0.9999999999809575
Seq310	NS;NS-Gamma;NS-Gamma-2;NS-Gamma-2.1;NS-Gamma-2.1.2;NS-Gamma-2.1.2.2;NS-Gamma-2.1.2.2_OTU3	0.9999873660638066
Seq318	NS;NS-Delta;NS-Delta-1;NS-Delta-1.Incertae_sedis.3;NS-Delta-1.Incertae_sedis.3_OTU2	0.9999641592462397
Seq320	NS;NS-Delta;NS-Delta-2;NS-Delta-2.2;NS-Delta-2.2.1;NS-Delta-2.2.1_OTU4	0.9999915017572651
Seq326	NS;NS-Beta;NS-Beta-1;NS-Beta-1_OTU10	0.9999997869254513
Seq274	NS;NS-Delta;NS-Delta-2;NS-Delta-2.1;NS-Delta-2.1_OTU2	0.9999998410571733
Seq334	NS;NS-Delta;NS-Delta-1;NS-Delta-1.Incertae_sedis.3;NS-Delta-1.Incertae_sedis.3_OTU2	0.9999908786306738
Seq282	NT;NT-Alpha;NT-Alpha-Incertae_sedis;NT-Alpha-Incertae_sedis_OTU2	0.9993964665627613
Seq342	NS;NS-Beta;NS-Beta-1;NS-Beta-1_OTU10	0.9999998769442375
Seq350	NS;NS-Delta;NS-Delta-1;NS-Delta-1.1;NS-Delta-1.1.2;NS-Delta-1.1.2.1;NS-Delta-1.1.2.1_OTU13	0.9973905362734936
Seq290	NS;NS-Gamma;NS-Gamma-2;NS-Gamma-2.3;NS-Gamma-2.3.2;NS-Gamma-2.3.2.3;NS-Gamma-2.3.2.3_OTU3	0.8023705888939195
Seq328	NS;NS-Delta;NS-Delta-2;NS-Delta-2.1;NS-Delta-2.1_OTU2	0.9999994240267494
Seq298	NS;NS-Gamma;NS-Gamma-2;NS-Gamma-2.3;NS-Gamma-2.3.2;NS-Gamma-2.3.2.2;NS-Gamma-2.3.2.2_OTU3	0.9999953295207361
Seq344	NS;NS-Gamma;NS-Gamma-2;NS-Gamma-2.3;NS-Gamma-2.3.2;NS-Gamma-2.3.2.3;NS-Gamma-2.3.2.3_OTU3	0.9999985117788402
Seq306	NT;NT-Alpha;NT-Alpha-Incertae_sedis;NT-Alpha-Incertae_sedis_OTU2	0.9998146736888344
Seq352	NT;NT-Alpha;NT-Alpha-Incertae_sedis;NT-Alpha-Incertae_sedis_OTU2	0.999967454300146
Seq360	NS;NS-Delta;NS-Delta-1;NS-Delta-1.Incertae_sedis.3;NS-Delta-1.Incertae_sedis.3_OTU2	0.9999444985155388
Seq368	NS;NS-Gamma;NS-Gamma-2;NS-Gamma-2.1;NS-Gamma-2.1.2;NS-Gamma-2.1.2.2;NS-Gamma-2.1.2.2_OTU3	0.9999846140290347
Seq376	NS;NS-Beta;NS-Beta-1;NS-Beta-1_OTU6	0.9999574167762364
Seq358	NS;NS-Gamma;NS-Gamma-2;NS-Gamma-2.3;NS-Gamma-2.3_OTU2	1.0
Seq314	NS;NS-Delta;NS-Delta-2;NS-Delta-2.1;NS-Delta-2.1_OTU2	0.999999095745107
Seq392	NS;NS-Gamma;NS-Gamma-2;NS-Gamma-2.3;NS-Gamma-2.3.2;NS-Gamma-2.3.2_OTU2	0.9999999948437619
Seq400	NT;NT-Alpha;NT-Alpha-1;NT-Alpha-1.1;NT-Alpha-1.1.1;NT-Alpha-1.1.1.1;NT-Alpha-1.1.1.1.1;NT-Alpha-1.1.1.1.1_OTU3	0.9999856580811178
Seq374	NS;NS-Delta;NS-Delta-2;NS-Delta-2.1;NS-Delta-2.1_OTU2	0.9999998967367159
Seq322	NS;NS-Delta;NS-Delta-2;NS-Delta-2.1;NS-Delta-2.1_OTU2	0.9999971420042668
Seq408	NS;NS-Delta;NS-Delta-1;NS-Delta-1_OTU8	0.9957497486108037
Seq416	NS;NS-Gamma;NS-Gamma-2;NS-Gamma-2.3;NS-Gamma-2.3.2;NS-Gamma-2.3.2_OTU2	0.9999999993345625
Seq390	NS;NS-Alpha;NS-Alpha-3;NS-Alpha-3.2;NS-Alpha-3.2.3;NS-Alpha-3.2.3.1;NS-Alpha-3.2.3.1.4;NS-Alpha-3.2.3.1.4_OTU3	0.9998875571695733
Seq1	NT;NT-Alpha;NT-Alpha-1;NT-Alpha-1.1;NT-Alpha-1.1.1;NT-Alpha-1.1.1.1;NT-Alpha-1.1.1.1.3;NT-Alpha-1.1.1.1.3.2;NT-Alpha-1.1.1.1.3.2.Incertae_sedis;NT-Alpha-1.1.1.1.3.2.Incertae_sedis_OTU1	0.9998886648183295
Seq398	NS;NS-Gamma;NS-Gamma-2;NS-Gamma-2.3;NS-Gamma-2.3.2;NS-Gamma-2.3.2_OTU2	0.9999999970737576
Seq330	NS;NS-Gamma;NS-Gamma-2;NS-Gamma-2.3;NS-Gamma-2.3.2;NS-Gamma-2.3.2.2;NS-Gamma-2.3.2.2_OTU6	0.9910895593600811
Seq432	NS;NS-Gamma;NS-Gamma-2;NS-Gamma-2.3;NS-Gamma-2.3.2;NS-Gamma-2.3.2_OTU1	0.9999661327602074
Seq440	NS;NS-Gamma;NS-Gamma-2;NS-Gamma-2.1;NS-Gamma-2.1.2;NS-Gamma-2.1.2.2;NS-Gamma-2.1.2.2_OTU3	0.9999909234181339
Seq9	NS;NS-Beta;NS-Beta-1;NS-Beta-1_OTU6	0.9999941351192694
Seq17	NS;NS-Gamma;NS-Gamma-2;NS-Gamma-2.3;NS-Gamma-2.3.2;NS-Gamma-2.3.2_OTU2	0.9999999859338972
Seq25	NS;NS-Gamma;NS-Gamma-2;NS-Gamma-2.3;NS-Gamma-2.3.2;NS-Gamma-2.3.2_OTU2	0.9999999993216875
Seq33	NS;NS-Beta;NS-Beta-1;NS-Beta-1_OTU7	0.9999715012573991
Seq338	NS;NS-Delta;NS-Delta-2;NS-Delta-2.1;NS-Delta-2.1_OTU2	0.9999962824139212
Seq406	NS;NS-Gamma;NS-Gamma-2;NS-Gamma-2.3;NS-Gamma-2.3_OTU2	1.0
Seq414	NS;NS-Delta;NS-Delta-1;NS-Delta-1.Incertae_sedis.3;NS-Delta-1.Incertae_sedis.3_OTU2	0.9913477287042564
Seq346	NS;NS-Delta;NS-Delta-2;NS-Delta-2.1;NS-Delta-2.1_OTU2	0.9999990823124226
Seq49	NS;NS-Delta;NS-Delta-2;NS-Delta-2.1;NS-Delta-2.1_OTU2	0.9999994586519323
Seq354	NS;NS-Beta;NS-Beta-2;NS-Beta-2_OTU1	0.9999998536189133
Seq422	NT;NT-Alpha;NT-Alpha-1;NT-Alpha-1.1;NT-Alpha-1.1.1;NT-Alpha-1.1.1.2;NT-Alpha-1.1.1.2_OTU3	0.9991567881601857
Seq57	NS;NS-Delta;NS-Delta-1;NS-Delta-1.Incertae_sedis.3;NS-Delta-1.Incertae_sedis.3_OTU2	0.9999911488593292
Seq362	NS;NS-Gamma;NS-Gamma-2;NS-Gamma-2.3;NS-Gamma-2.3.2;NS-Gamma-2.3.2_OTU2	0.9999999980980192
Seq370	NS;NS-Alpha;NS-Alpha-3;NS-Alpha-3.2;NS-Alpha-3.2.3;NS-Alpha-3.2.3.1	0.7686143683027128
Seq65	NT;NT-Alpha;NT-Alpha-1;NT-Alpha-1.1;NT-Alpha-1.1.1;NT-Alpha-1.1.1.2;NT-Alpha-1.1.1.2_OTU3	0.9999300645198415
Seq438	NS;NS-Delta;NS-Delta-1;NS-Delta-1.1;NS-Delta-1.1.3;NS-Delta-1.1.3_OTU2	0.9979497250583836
Seq446	NT;NT-Alpha;NT-Alpha-1;NT-Alpha-1.1;NT-Alpha-1.1.1;NT-Alpha-1.1.1.1;NT-Alpha-1.1.1.1.3;NT-Alpha-1.1.1.1.3.2;NT-Alpha-1.1.1.1.3.2.Incertae_sedis;NT-Alpha-1.1.1.1.3.2.Incertae_sedis_OTU1	0.9998725946747037
Seq81	NS;NS-Gamma;NS-Gamma-2;NS-Gamma-2.3;NS-Gamma-2.3.2;NS-Gamma-2.3.2_OTU2	0.9999999992895141
Seq89	NT;NT-Alpha;NT-Alpha-1;NT-Alpha-1.1;NT-Alpha-1.1.1;NT-Alpha-1.1.1.1;NT-Alpha-1.1.1.1.3;NT-Alpha-1.1.1.1.3.2;NT-Alpha-1.1.1.1.3.2.Incertae_sedis;NT-Alpha-1.1.1.1.3.2.Incertae_sedis_OTU1	0.9999992508221816
Seq97	NT;NT-Alpha;NT-Alpha-Incertae_sedis;NT-Alpha-Incertae_sedis_OTU2	0.9994965619413976
Seq378	NS;NS-Delta;NS-Delta-2;NS-Delta-2.1;NS-Delta-2.1_OTU2	0.9999999028842173
Seq105	NS;NS-Delta;NS-Delta-1;NS-Delta-1.Incertae_sedis.3;NS-Delta-1.Incertae_sedis.3_OTU2	0.9994231762400267
Seq113	NT;NT-Alpha;NT-Alpha-Incertae_sedis;NT-Alpha-Incertae_sedis_OTU2	0.9998970966987034
Seq121	NS;NS-Delta;NS-Delta-1;NS-Delta-1.1;NS-Delta-1.1.2;NS-Delta-1.1.2.1;NS-Delta-1.1.2.1_OTU13	0.9997622686793696
Seq386	NS;NS-Delta;NS-Delta-2;NS-Delta-2.1;NS-Delta-2.1_OTU2	0.9999998564769431
Seq394	NS;NS-Delta;NS-Delta-1;NS-Delta-1.Incertae_sedis.3;NS-Delta-1.Incertae_sedis.3_OTU2	0.9999833763391048
Seq129	NS;NS-Delta;NS-Delta-2;NS-Delta-2.1;NS-Delta-2.1_OTU2	0.9999996644893935
Seq137	NS;NS-Delta;NS-Delta-1;NS-Delta-1.2;NS-Delta-1.2.1;NS-Delta-1.2.1_OTU6	0.9254387981466908
Seq410	NS;NS-Gamma;NS-Gamma-2;NS-Gamma-2.3;NS-Gamma-2.3.2;NS-Gamma-2.3.2_OTU2	0.9999999621769866
Seq145	NS;NS-Beta;NS-Beta-1;NS-Beta-1_OTU9	0.9999999999506031
Seq418	NS;NS-Alpha;NS-Alpha-3;NS-Alpha-3.2;NS-Alpha-3.2.1;NS-Alpha-3.2.1.1;NS-Alpha-3.2.1.1.1;NS-Alpha-3.2.1.1.1.2;NS-Alpha-3.2.1.1.1.2_OTU3	0.9786330298823598
Seq434	NS;NS-Delta;NS-Delta-1;NS-Delta-1.1;NS-Delta-1.1.2;NS-Delta-1.1.2.1;NS-Delta-1.1.2.1_OTU10	0.8215341437419383
Seq153	NS;NS-Delta;NS-Delta-2;NS-Delta-2.1;NS-Delta-2.1_OTU2	0.999999805347746
Seq161	NS;NS-Gamma;NS-Gamma-2;NS-Gamma-2.3;NS-Gamma-2.3.2;NS-Gamma-2.3.2.2;NS-Gamma-2.3.2.2_OTU3	0.9999893545175005
Seq169	NT;NT-Alpha;NT-Alpha-Incertae_sedis;NT-Alpha-Incertae_sedis_OTU2	0.9998952825260395
Seq177	NS;NS-Delta;NS-Delta-1;NS-Delta-1.Incertae_sedis.3;NS-Delta-1.Incertae_sedis.3_OTU2	0.9999925766262109
Seq185	NS;NS-Beta;NS-Beta-1;NS-Beta-1_OTU7	0.9992734383619883
Seq209	NS;NS-Beta;NS-Beta-1;NS-Beta-1_OTU6	0.9999975884755176
Seq217	NS;NS-Delta;NS-Delta-2;NS-Delta-2.2;NS-Delta-2.2.1;NS-Delta-2.2.1_OTU5	0.9999999999998295
Seq225	NS;NS-Gamma;NS-Gamma-2;NS-Gamma-2.3;NS-Gamma-2.3.2;NS-Gamma-2.3.2.2;NS-Gamma-2.3.2.2_OTU6	0.9690637044513692
Seq233	NS;NS-Gamma;NS-Gamma-2;NS-Gamma-2.3;NS-Gamma-2.3.2;NS-Gamma-2.3.2.3;NS-Gamma-2.3.2.3_OTU3	0.9999745540843616
Seq241	NS;NS-Delta;NS-Delta-2;NS-Delta-2.1;NS-Delta-2.1_OTU2	0.9999002436089889
Seq249	NT;NT-Alpha;NT-Alpha-1;NT-Alpha-1.1;NT-Alpha-1.1.1;NT-Alpha-1.1.1.1;NT-Alpha-1.1.1.1.1;NT-Alpha-1.1.1.1.1_OTU5	0.796078304975498
Seq257	NS;NS-Gamma;NS-Gamma-2;NS-Gamma-2.3;NS-Gamma-2.3.2;NS-Gamma-2.3.2_OTU2	0.9999999991365485
Seq265	NS;NS-Delta;NS-Delta-1;NS-Delta-1.Incertae_sedis.3;NS-Delta-1.Incertae_sedis.3_OTU2	0.9999462213785617
Seq281	NS;NS-Gamma;NS-Gamma-2;NS-Gamma-2.1;NS-Gamma-2.1.2;NS-Gamma-2.1.2.2;NS-Gamma-2.1.2.2_OTU3	0.9999899629090778
Seq289	NS;NS-Gamma;NS-Gamma-2;NS-Gamma-2.1;NS-Gamma-2.1.2;NS-Gamma-2.1.2.2;NS-Gamma-2.1.2.2_OTU3	0.9999978959216345
Seq297	NT;NT-Alpha;NT-Alpha-1;NT-Alpha-1.1;NT-Alpha-1.1.1;NT-Alpha-1.1.1.2;NT-Alpha-1.1.1.2_OTU3	0.9983045985662321
Seq305	NS;NS-Delta;NS-Delta-1;NS-Delta-1.1;NS-Delta-1.1.2;NS-Delta-1.1.2.1;NS-Delta-1.1.2.1_OTU13	0.9995265848755434
Seq313	NS;NS-Gamma;NS-Gamma-2;NS-Gamma-2.3;NS-Gamma-2.3.2;NS-Gamma-2.3.2_OTU2	0.9999999972064586
Seq321	NS;NS-Delta;NS-Delta-1;NS-Delta-1.Incertae_sedis.3;NS-Delta-1.Incertae_sedis.3_OTU2	0.999992113025039
Seq329	NS;NS-Gamma;NS-Gamma-2;NS-Gamma-2.3;NS-Gamma-2.3.2;NS-Gamma-2.3.2.2;NS-Gamma-2.3.2.2_OTU8	0.9999999998423732
Seq337	NS;NS-Gamma;NS-Gamma-2;NS-Gamma-2.1;NS-Gamma-2.1.2;NS-Gamma-2.1.2.2;NS-Gamma-2.1.2.2_OTU3	0.9999940776190795
Seq345	NS;NS-Delta;NS-Delta-2;NS-Delta-2.1;NS-Delta-2.1_OTU2	0.9999990205085646
Seq361	NS;NS-Delta;NS-Delta-1;NS-Delta-1.Incertae_sedis.3;NS-Delta-1.Incertae_sedis.3_OTU2	0.9998521041772761
Seq369	NS;NS-Delta;NS-Delta-1;NS-Delta-1.2;NS-Delta-1.2.2;NS-Delta-1.2.2_OTU2	0.999956753284557
Seq377	NT;NT-Alpha;NT-Alpha-1;NT-Alpha-1.2;NT-Alpha-1.2.1;NT-Alpha-1.2.1_OTU4	0.9999988757830418
Seq385	NS;NS-Gamma;NS-Gamma-2;NS-Gamma-2.3;NS-Gamma-2.3.2;NS-Gamma-2.3.2.3;NS-Gamma-2.3.2.3_OTU3	0.9998152799906673
Seq401	NS;NS-Gamma;NS-Gamma-2;NS-Gamma-2.3;NS-Gamma-2.3.2;NS-Gamma-2.3.2_OTU2	0.9999999972919227
Seq409	NS;NS-Delta;NS-Delta-1;NS-Delta-1.1;NS-Delta-1.1.2;NS-Delta-1.1.2.1;NS-Delta-1.1.2.1_OTU10	0.8842268135170979
Seq417	NS;NS-Delta;NS-Delta-1;NS-Delta-1.Incertae_sedis.3;NS-Delta-1.Incertae_sedis.3_OTU2	0.9981553865632755
Seq433	NT;NT-Alpha;NT-Alpha-1;NT-Alpha-1.1;NT-Alpha-1.1.1;NT-Alpha-1.1.1.1;NT-Alpha-1.1.1.1.3;NT-Alpha-1.1.1.1.3.2;NT-Alpha-1.1.1.1.3.2.Incertae_sedis;NT-Alpha-1.1.1.1.3.2.Incertae_sedis_OTU1	0.9986803515676178
